-- phpMyAdmin SQL Dump
-- version 4.1.12
-- http://www.phpmyadmin.net
--
-- Host: 127.0.0.1
-- Generation Time: Oct 23, 2015 at 11:16 AM
-- Server version: 5.5.36
-- PHP Version: 5.4.27

SET SQL_MODE = "NO_AUTO_VALUE_ON_ZERO";
SET time_zone = "+00:00";


/*!40101 SET @OLD_CHARACTER_SET_CLIENT=@@CHARACTER_SET_CLIENT */;
/*!40101 SET @OLD_CHARACTER_SET_RESULTS=@@CHARACTER_SET_RESULTS */;
/*!40101 SET @OLD_COLLATION_CONNECTION=@@COLLATION_CONNECTION */;
/*!40101 SET NAMES utf8 */;

--
-- Database: `biometric_db`
--

-- --------------------------------------------------------

--
-- Table structure for table `account_info`
--

CREATE TABLE IF NOT EXISTS `account_info` (
  `accountID` int(11) NOT NULL AUTO_INCREMENT,
  `EmpID` int(11) NOT NULL,
  `username` varchar(20) NOT NULL,
  `password` varchar(20) NOT NULL,
  PRIMARY KEY (`accountID`)
) ENGINE=InnoDB DEFAULT CHARSET=latin1 AUTO_INCREMENT=1 ;

-- --------------------------------------------------------

--
-- Table structure for table `employee_info`
--

CREATE TABLE IF NOT EXISTS `employee_info` (
  `EmpID` int(11) NOT NULL,
  `EmpFirstName` varchar(20) NOT NULL,
  `EmpMiddleName` varchar(20) NOT NULL,
  `EmpLastName` varchar(20) NOT NULL,
  `EmpGender` enum('Male','Female') NOT NULL,
  `EmpBirthdate` date NOT NULL,
  `EmpContact` varchar(20) NOT NULL,
  `EmpEmail` varchar(40) NOT NULL,
  `EmpProfilePic` varchar(20) NOT NULL,
  `EmpStatus` enum('Single','Married','Devorce','Separated','Widowed') NOT NULL,
  PRIMARY KEY (`EmpID`),
  UNIQUE KEY `EmpID` (`EmpID`)
) ENGINE=InnoDB DEFAULT CHARSET=latin1;

--
-- Dumping data for table `employee_info`
--

INSERT INTO `employee_info` (`EmpID`, `EmpFirstName`, `EmpMiddleName`, `EmpLastName`, `EmpGender`, `EmpBirthdate`, `EmpContact`, `EmpEmail`, `EmpProfilePic`, `EmpStatus`) VALUES
(2, 'Mark', 'Joseph', 'Cabuquit', 'Male', '2015-10-05', '123', 'mar@gmail.com', '2.jpg', 'Devorce'),
(3, 'Fijumar', 'Simantik', 'Jumamoy', 'Female', '2015-10-13', '09357411262', 'filju@gmail.com', '3.jpg', 'Married'),
(4, 'FirstOne', 'MiddleOne', 'Last1', 'Male', '2012-01-21', '4', 'one@gmail.com', '4.jpg', 'Separated'),
(5, 'FirstSecond', 'MiddleSecond', 'Last2', 'Female', '2011-02-13', '5', 'second@gmai.com', '5.jpg', 'Single'),
(6, 'FirstThird', 'MiddleThird', 'Last3', 'Male', '1996-08-12', '6', 'third@gamilc.om', '6.jpg', 'Married'),
(7, 'FirstFourth', 'MiddleFourth', 'Last4', 'Female', '1954-11-12', '7', 'fourth@gmail.com', '7.jpg', 'Widowed'),
(8, 'FirstFifth', 'MiddleFifth', 'Last5', 'Male', '1954-05-22', '8', 'fifth@gmai.com', '8.jpg', 'Separated'),
(9, 'FirstSixth', 'MiddleSixth', 'Last6', 'Male', '1959-02-28', '9', 'sixth@gmai.com', '9.png', 'Single'),
(10, 'First7', 'Middle7', 'Last7', 'Female', '1675-12-25', '10', 'seven@gmai.com', '10.png', 'Married'),
(11, 'First8', 'Middle8', 'Last8', 'Male', '1995-11-12', '11', 'elelven@gmail.com', '11.png', 'Married'),
(12, 'First9', 'Middle9', 'Last9', 'Male', '1996-06-14', '12', 'twelve@gmailc.om', '12.png', 'Devorce'),
(13, 'First10', 'Middle10', 'Last10', 'Male', '2000-12-31', '13', 'thirten@gmai.com', '13.png', 'Single'),
(14, 'First11', 'Middle11', 'Last11', 'Female', '2015-12-11', '14', 'four@gamilc.om', '14.png', 'Married'),
(15, 'First12', 'Middle12', 'Last12', 'Male', '2016-12-15', '15', 'fiftheten@gmail.oc', '15.png', 'Widowed'),
(16, 'First13', 'Middle13', 'Last13', 'Female', '2015-12-11', '16', '16@gmai.com', '16.png', 'Single'),
(17, 'First14', 'Middle14', 'Last14', 'Female', '2013-11-23', '17', '17@gmail.com', '17.png', 'Devorce'),
(18, 'First15', 'Middle15', 'Last15', 'Female', '2012-05-13', '18', '18@gmail.com', '18.png', 'Separated'),
(19, 'First16', 'Middle16', 'Last16', 'Female', '2011-11-05', '19', '19@gmail.com', '19.png', 'Devorce'),
(20, 'First17', 'Middle17', 'Last17', 'Male', '2011-09-22', '20', '20@gmai.com', '20.png', 'Widowed'),
(21, 'First18', 'Middle18', 'Last18', 'Male', '2014-11-16', '21', '21@gmaill.com', '21.png', 'Widowed'),
(22, 'First19', 'Middle19', 'Last19', 'Male', '2011-05-22', '22', '22@gmail.com', '22.png', 'Married'),
(23, 'First20', 'Middle20', 'Last20', 'Female', '2000-12-15', '23', '23@gmail.com', '23.png', 'Single'),
(184, 'First21', 'Middle21', 'Last21', 'Female', '2015-10-05', '24', '24@gmail.com', '24.jpg', 'Separated'),
(192, 'Carl Harvey', 'Dealagdon', 'Jayme', 'Male', '2015-02-03', '09357411262', 'jayme.carlharvey16@gmail.com', '1.jpg', 'Married');

-- --------------------------------------------------------

--
-- Table structure for table `team`
--

CREATE TABLE IF NOT EXISTS `team` (
  `TeamID` int(11) NOT NULL AUTO_INCREMENT,
  `TeamParentID` int(11) NOT NULL,
  `TeamName` varchar(20) NOT NULL,
  `SwingIn` time NOT NULL,
  `SwingOut` time NOT NULL,
  `SwingDay` enum('Saturday','Sunday','None') NOT NULL,
  `TeamSchedule` enum('AM','PM') NOT NULL,
  PRIMARY KEY (`TeamID`)
) ENGINE=InnoDB  DEFAULT CHARSET=latin1 AUTO_INCREMENT=24 ;

--
-- Dumping data for table `team`
--

INSERT INTO `team` (`TeamID`, `TeamParentID`, `TeamName`, `SwingIn`, `SwingOut`, `SwingDay`, `TeamSchedule`) VALUES
(1, 0, 'POD', '00:00:00', '00:00:00', 'None', 'AM'),
(2, 1, 'LGM', '20:00:00', '01:00:00', 'Saturday', 'AM'),
(4, 0, 'Echo', '00:00:00', '00:00:00', 'None', 'AM'),
(5, 4, 'Echo Sales', '20:00:00', '01:00:00', 'Saturday', 'AM'),
(6, 4, 'Echo Paids', '20:00:00', '01:00:00', 'Saturday', 'AM'),
(7, 0, 'IT', '20:00:00', '01:00:00', 'Saturday', 'AM'),
(8, 0, 'Admin', '00:00:00', '00:00:00', 'None', 'AM'),
(9, 1, 'C4C', '00:00:00', '00:00:00', 'None', 'AM'),
(10, 9, 'C4C-A', '20:00:00', '01:00:00', 'Saturday', 'AM'),
(11, 9, 'C4C-B', '20:00:00', '01:00:00', 'Saturday', 'AM'),
(12, 0, 'Verification', '00:00:00', '00:00:00', 'None', 'PM'),
(13, 0, 'POD', '00:00:00', '00:00:00', 'None', 'PM'),
(14, 0, 'Echo', '00:00:00', '00:00:00', 'None', 'PM'),
(15, 14, 'Echo Sales', '20:00:00', '01:00:00', 'Saturday', 'PM'),
(16, 14, 'Echo Paids', '20:00:00', '01:00:00', 'Saturday', 'PM'),
(17, 13, 'C4C', '00:00:00', '00:00:00', 'None', 'PM'),
(18, 17, 'C4C-A', '20:00:00', '01:00:00', 'Saturday', 'PM'),
(19, 17, 'C4C-B', '20:00:00', '01:00:00', 'Saturday', 'PM'),
(20, 0, 'IT', '20:00:00', '01:00:00', 'Saturday', 'PM'),
(21, 0, 'Admin', '00:00:00', '00:00:00', 'None', 'PM'),
(22, 0, 'QA', '00:00:00', '00:00:00', 'None', 'PM'),
(23, 13, 'LGM', '20:00:00', '01:00:00', 'Saturday', 'PM');

-- --------------------------------------------------------

--
-- Table structure for table `team_info`
--

CREATE TABLE IF NOT EXISTS `team_info` (
  `TeamInfoID` int(11) NOT NULL AUTO_INCREMENT,
  `TeamID` int(11) NOT NULL,
  `TeamTimeIn` time NOT NULL,
  `TeamTimeOut` time NOT NULL,
  `TeamDate` varchar(100) NOT NULL,
  `TeamBreak` int(3) NOT NULL,
  PRIMARY KEY (`TeamInfoID`)
) ENGINE=InnoDB  DEFAULT CHARSET=latin1 AUTO_INCREMENT=23 ;

--
-- Dumping data for table `team_info`
--

INSERT INTO `team_info` (`TeamInfoID`, `TeamID`, `TeamTimeIn`, `TeamTimeOut`, `TeamDate`, `TeamBreak`) VALUES
(1, 1, '03:45:00', '12:15:00', '["Tuesday", "Wednesday", "Thursday", "Friday", "Saturday"]', 1),
(2, 10, '03:45:00', '12:15:00', '["Tuesday", "Wednesday", "Thursday", "Friday", "Saturday"]', 1),
(3, 11, '03:45:00', '12:15:00', '["Tuesday", "Wednesday", "Thursday", "Friday", "Saturday"]', 1),
(4, 5, '04:00:00', '12:30:00', '["Tuesday", "Wednesday", "Thursday", "Friday", "Saturday"]', 1),
(5, 6, '03:45:00', '12:15:00', '["Tuesday", "Wednesday", "Thursday", "Friday", "Saturday"]', 1),
(6, 8, '03:30:00', '12:30:00', '["Tuesday", "Wednesday", "Thursday", "Friday", "Saturday"]', 1),
(7, 7, '03:00:00', '11:30:00', '["Tuesday", "Wednesday", "Thursday", "Friday", "Saturday"]', 1),
(8, 12, '09:00:00', '18:00:00', '["Monday"]', 1),
(9, 12, '11:30:00', '20:30:00', '["Tuesday", "Wednesday", "Thursday", "Friday"]', 1),
(10, 23, '20:00:00', '04:30:00', '["Monday", "Tuesday", "Wednesday", "Thursday", "Friday"]', 1),
(11, 18, '20:00:00', '04:30:00', '["Monday", "Tuesday", "Wednesday", "Thursday", "Friday"]', 1),
(12, 19, '20:00:00', '04:30:00', '["Monday", "Tuesday", "Wednesday", "Thursday", "Friday"]', 1),
(13, 15, '20:00:00', '04:30:00', '["Monday", "Tuesday", "Wednesday", "Thursday", "Friday"]', 1),
(14, 16, '20:00:00', '04:30:00', '["Monday", "Tuesday", "Wednesday", "Thursday", "Friday"]', 1),
(20, 22, '19:00:00', '04:00:00', '["Monday", "Tuesday", "Wednesday", "Thursday", "Friday"]', 1),
(21, 21, '19:30:00', '04:30:00', '["Monday", "Tuesday", "Wednesday", "Thursday", "Friday"]', 1),
(22, 20, '19:00:00', '03:30:00', '["Monday", "Tuesday", "Wednesday", "Thursday", "Friday"]', 1);

-- --------------------------------------------------------

--
-- Table structure for table `team_member`
--

CREATE TABLE IF NOT EXISTS `team_member` (
  `TeamMemberID` int(11) NOT NULL AUTO_INCREMENT,
  `EmpID` int(11) NOT NULL,
  `TeamID` int(11) NOT NULL,
  `TeamMemberRank` varchar(20) NOT NULL,
  PRIMARY KEY (`TeamMemberID`),
  UNIQUE KEY `EmpID` (`EmpID`)
) ENGINE=InnoDB  DEFAULT CHARSET=latin1 AUTO_INCREMENT=26 ;

--
-- Dumping data for table `team_member`
--

INSERT INTO `team_member` (`TeamMemberID`, `EmpID`, `TeamID`, `TeamMemberRank`) VALUES
(1, 21, 5, 'Employee'),
(2, 2, 6, 'Employee'),
(3, 3, 7, 'Employee'),
(4, 4, 10, 'Employee'),
(5, 5, 8, 'Team Leader'),
(6, 6, 12, 'TeamLeader'),
(7, 7, 15, 'Employee'),
(8, 8, 16, 'Employee'),
(9, 9, 19, 'Employee'),
(10, 10, 20, 'Team Leader'),
(11, 11, 18, 'Employee'),
(12, 12, 11, 'Employee'),
(13, 13, 21, 'Employee'),
(14, 14, 22, 'Employee'),
(15, 15, 5, 'Employee'),
(16, 16, 5, 'Employee'),
(17, 17, 5, 'Employee'),
(18, 18, 5, 'Employee'),
(19, 19, 5, 'Employee'),
(20, 20, 5, 'Employee'),
(22, 22, 5, 'Employee'),
(23, 23, 5, 'Employee'),
(24, 184, 11, 'Employee'),
(25, 192, 5, 'Employee');

-- --------------------------------------------------------

--
-- Table structure for table `time_tracker`
--

CREATE TABLE IF NOT EXISTS `time_tracker` (
  `TimeTrackerID` int(11) NOT NULL AUTO_INCREMENT,
  `EmpID` int(11) NOT NULL,
  `TimeTrackerDate` date NOT NULL,
  `TimeTrackerTime` time NOT NULL,
  PRIMARY KEY (`TimeTrackerID`)
) ENGINE=InnoDB  DEFAULT CHARSET=latin1 AUTO_INCREMENT=33137 ;

--
-- Dumping data for table `time_tracker`
--

INSERT INTO `time_tracker` (`TimeTrackerID`, `EmpID`, `TimeTrackerDate`, `TimeTrackerTime`) VALUES
(31545, 84, '2013-04-26', '02:55:00'),
(31546, 38, '2013-04-26', '03:14:00'),
(31547, 14, '2013-04-26', '03:14:00'),
(31548, 21, '2013-04-26', '03:19:00'),
(31549, 49, '2013-04-26', '03:20:00'),
(31550, 16, '2013-04-26', '03:25:00'),
(31551, 52, '2013-04-26', '03:26:00'),
(31552, 9, '2013-04-26', '03:26:00'),
(31553, 85, '2013-04-26', '03:27:00'),
(31554, 2, '2013-04-26', '03:28:00'),
(31555, 50, '2013-04-26', '03:28:00'),
(31556, 40, '2013-04-26', '03:30:00'),
(31557, 82, '2013-04-26', '03:31:00'),
(31558, 10, '2013-04-26', '03:31:00'),
(31559, 35, '2013-04-26', '03:32:00'),
(31560, 45, '2013-04-26', '03:32:00'),
(31561, 34, '2013-04-26', '03:33:00'),
(31562, 59, '2013-04-26', '03:34:00'),
(31563, 191, '2013-04-26', '03:34:00'),
(31564, 73, '2013-04-26', '03:34:00'),
(31565, 32, '2013-04-26', '03:34:00'),
(31566, 190, '2013-04-26', '03:34:00'),
(31567, 3, '2013-04-26', '03:34:00'),
(31568, 81, '2013-04-26', '03:35:00'),
(31569, 6, '2013-04-26', '03:35:00'),
(31570, 76, '2013-04-26', '03:35:00'),
(31571, 37, '2013-04-26', '03:35:00'),
(31572, 71, '2013-04-26', '03:35:00'),
(31573, 41, '2013-04-26', '03:35:00'),
(31574, 70, '2013-04-26', '03:35:00'),
(31575, 20, '2013-04-26', '03:35:00'),
(31576, 89, '2013-04-26', '03:36:00'),
(31577, 77, '2013-04-26', '03:36:00'),
(31578, 5, '2013-04-26', '03:36:00'),
(31579, 192, '2013-04-26', '03:36:00'),
(31580, 86, '2013-04-26', '03:37:00'),
(31581, 86, '2013-04-26', '03:37:00'),
(31582, 88, '2013-04-26', '03:37:00'),
(31583, 87, '2013-04-26', '03:37:00'),
(31584, 43, '2013-04-26', '03:37:00'),
(31585, 55, '2013-04-26', '03:37:00'),
(31586, 25, '2013-04-26', '03:38:00'),
(31587, 79, '2013-04-26', '03:38:00'),
(31588, 12, '2013-04-26', '03:39:00'),
(31589, 12, '2013-04-26', '03:39:00'),
(31590, 54, '2013-04-26', '03:40:00'),
(31591, 47, '2013-04-26', '03:40:00'),
(31592, 29, '2013-04-26', '03:41:00'),
(31593, 18, '2013-04-26', '03:42:00'),
(31594, 36, '2013-04-26', '03:42:00'),
(31595, 83, '2013-04-26', '03:42:00'),
(31596, 44, '2013-04-26', '03:43:00'),
(31597, 19, '2013-04-26', '03:44:00'),
(31598, 24, '2013-04-26', '03:48:00'),
(31599, 68, '2013-04-26', '05:06:00'),
(31600, 68, '2013-04-26', '06:13:00'),
(31601, 31, '2013-04-26', '07:05:00'),
(31602, 61, '2013-04-26', '08:20:00'),
(31603, 30, '2013-04-26', '10:02:00'),
(31604, 27, '2013-04-26', '10:19:00'),
(31605, 85, '2013-04-26', '10:26:00'),
(31606, 67, '2013-04-26', '10:51:00'),
(31607, 53, '2013-04-26', '11:13:00'),
(31608, 54, '2013-04-26', '11:19:00'),
(31609, 9, '2013-04-26', '11:19:00'),
(31610, 82, '2013-04-26', '11:19:00'),
(31611, 29, '2013-04-26', '11:19:00'),
(31612, 31, '2013-04-26', '11:19:00'),
(31613, 10, '2013-04-26', '11:19:00'),
(31614, 55, '2013-04-26', '11:19:00'),
(31615, 52, '2013-04-26', '11:19:00'),
(31616, 45, '2013-04-26', '11:19:00'),
(31617, 14, '2013-04-26', '11:20:00'),
(31618, 18, '2013-04-26', '11:20:00'),
(31619, 43, '2013-04-26', '11:20:00'),
(31620, 16, '2013-04-26', '11:20:00'),
(31621, 44, '2013-04-26', '11:20:00'),
(31622, 83, '2013-04-26', '11:21:00'),
(31623, 47, '2013-04-26', '11:22:00'),
(31624, 35, '2013-04-26', '11:22:00'),
(31625, 79, '2013-04-26', '11:22:00'),
(31626, 38, '2013-04-26', '11:23:00'),
(31627, 19, '2013-04-26', '11:24:00'),
(31628, 50, '2013-04-26', '11:24:00'),
(31629, 49, '2013-04-26', '11:25:00'),
(31630, 36, '2013-04-26', '11:58:00'),
(31631, 84, '2013-04-26', '12:02:00'),
(31632, 68, '2013-04-26', '12:25:00'),
(31633, 68, '2013-04-26', '13:03:00'),
(31634, 2, '2013-04-26', '16:31:00'),
(31635, 67, '2013-04-26', '16:54:00'),
(31636, 53, '2013-04-26', '18:08:00'),
(31637, 30, '2013-04-26', '18:08:00'),
(31638, 27, '2013-04-26', '18:08:00'),
(31639, 6, '2013-04-26', '19:33:00'),
(31640, 24, '2013-04-26', '19:33:00'),
(31641, 71, '2013-04-26', '19:33:00'),
(31642, 70, '2013-04-26', '19:33:00'),
(31643, 41, '2013-04-26', '19:33:00'),
(31644, 191, '2013-04-26', '19:34:00'),
(31645, 25, '2013-04-26', '19:35:00'),
(31646, 34, '2013-04-26', '19:35:00'),
(31647, 32, '2013-04-26', '19:36:00'),
(31648, 37, '2013-04-26', '19:36:00'),
(31649, 192, '2013-04-26', '19:37:00'),
(31650, 3, '2013-04-26', '19:44:00'),
(31651, 88, '2013-04-26', '19:44:00'),
(31652, 12, '2013-04-26', '19:45:00'),
(31653, 190, '2013-04-26', '19:49:00'),
(31654, 76, '2013-04-26', '19:50:00'),
(31655, 20, '2013-04-26', '19:51:00'),
(31656, 89, '2013-04-26', '19:51:00'),
(31657, 81, '2013-04-26', '19:58:00'),
(31658, 77, '2013-04-26', '19:58:00'),
(31659, 5, '2013-04-26', '19:58:00'),
(31660, 73, '2013-04-26', '20:01:00'),
(31661, 86, '2013-04-26', '20:27:00'),
(31662, 86, '2013-04-26', '20:27:00'),
(31663, 61, '2013-04-26', '20:40:00'),
(31664, 87, '2013-04-26', '20:56:00'),
(31665, 84, '2013-04-27', '02:51:00'),
(31666, 38, '2013-04-27', '03:14:00'),
(31667, 50, '2013-04-27', '03:19:00'),
(31668, 21, '2013-04-27', '03:19:00'),
(31669, 14, '2013-04-27', '03:23:00'),
(31670, 16, '2013-04-27', '03:24:00'),
(31671, 49, '2013-04-27', '03:25:00'),
(31672, 9, '2013-04-27', '03:25:00'),
(31673, 10, '2013-04-27', '03:26:00'),
(31674, 2, '2013-04-27', '03:29:00'),
(31675, 29, '2013-04-27', '03:31:00'),
(31676, 85, '2013-04-27', '03:32:00'),
(31677, 73, '2013-04-27', '03:34:00'),
(31678, 190, '2013-04-27', '03:34:00'),
(31679, 3, '2013-04-27', '03:34:00'),
(31680, 41, '2013-04-27', '03:34:00'),
(31681, 45, '2013-04-27', '03:34:00'),
(31682, 34, '2013-04-27', '03:35:00'),
(31683, 88, '2013-04-27', '03:35:00'),
(31684, 79, '2013-04-27', '03:35:00'),
(31685, 81, '2013-04-27', '03:35:00'),
(31686, 76, '2013-04-27', '03:35:00'),
(31687, 6, '2013-04-27', '03:35:00'),
(31688, 77, '2013-04-27', '03:35:00'),
(31689, 86, '2013-04-27', '03:35:00'),
(31690, 86, '2013-04-27', '03:35:00'),
(31691, 192, '2013-04-27', '03:36:00'),
(31692, 32, '2013-04-27', '03:36:00'),
(31693, 87, '2013-04-27', '03:36:00'),
(31694, 82, '2013-04-27', '03:36:00'),
(31695, 191, '2013-04-27', '03:36:00'),
(31696, 55, '2013-04-27', '03:36:00'),
(31697, 37, '2013-04-27', '03:36:00'),
(31698, 71, '2013-04-27', '03:36:00'),
(31699, 40, '2013-04-27', '03:36:00'),
(31700, 89, '2013-04-27', '03:37:00'),
(31701, 70, '2013-04-27', '03:37:00'),
(31702, 36, '2013-04-27', '03:38:00'),
(31703, 83, '2013-04-27', '03:38:00'),
(31704, 43, '2013-04-27', '03:38:00'),
(31705, 54, '2013-04-27', '03:38:00'),
(31706, 19, '2013-04-27', '03:39:00'),
(31707, 25, '2013-04-27', '03:40:00'),
(31708, 35, '2013-04-27', '03:40:00'),
(31709, 47, '2013-04-27', '03:40:00'),
(31710, 12, '2013-04-27', '03:40:00'),
(31711, 20, '2013-04-27', '03:41:00'),
(31712, 5, '2013-04-27', '03:42:00'),
(31713, 18, '2013-04-27', '04:45:00'),
(31714, 31, '2013-04-27', '04:45:00'),
(31715, 68, '2013-04-27', '05:25:00'),
(31716, 68, '2013-04-27', '06:13:00'),
(31717, 61, '2013-04-27', '06:54:00'),
(31718, 49, '2013-04-27', '10:11:00'),
(31719, 67, '2013-04-27', '10:18:00'),
(31720, 85, '2013-04-27', '10:30:00'),
(31721, 45, '2013-04-27', '11:19:00'),
(31722, 14, '2013-04-27', '11:19:00'),
(31723, 9, '2013-04-27', '11:19:00'),
(31724, 35, '2013-04-27', '11:19:00'),
(31725, 29, '2013-04-27', '11:20:00'),
(31726, 21, '2013-04-27', '11:21:00'),
(31727, 19, '2013-04-27', '11:21:00'),
(31728, 55, '2013-04-27', '11:21:00'),
(31729, 83, '2013-04-27', '11:21:00'),
(31730, 31, '2013-04-27', '11:21:00'),
(31731, 40, '2013-04-27', '11:21:00'),
(31732, 10, '2013-04-27', '11:21:00'),
(31733, 16, '2013-04-27', '11:21:00'),
(31734, 18, '2013-04-27', '11:21:00'),
(31735, 79, '2013-04-27', '11:22:00'),
(31736, 54, '2013-04-27', '11:22:00'),
(31737, 82, '2013-04-27', '11:22:00'),
(31738, 36, '2013-04-27', '11:22:00'),
(31739, 43, '2013-04-27', '11:23:00'),
(31740, 47, '2013-04-27', '11:23:00'),
(31741, 50, '2013-04-27', '11:26:00'),
(31742, 38, '2013-04-27', '11:37:00'),
(31743, 84, '2013-04-27', '12:01:00'),
(31744, 68, '2013-04-27', '12:30:00'),
(31745, 2, '2013-04-27', '12:49:00'),
(31746, 68, '2013-04-27', '13:02:00'),
(31747, 67, '2013-04-27', '17:41:00'),
(31748, 38, '2013-04-27', '19:30:00'),
(31749, 43, '2013-04-27', '19:33:00'),
(31750, 40, '2013-04-27', '19:35:00'),
(31751, 10, '2013-04-27', '19:37:00'),
(31752, 79, '2013-04-27', '19:37:00'),
(31753, 29, '2013-04-27', '19:39:00'),
(31754, 18, '2013-04-27', '19:41:00'),
(31755, 31, '2013-04-27', '19:41:00'),
(31756, 55, '2013-04-27', '19:43:00'),
(31757, 35, '2013-04-27', '19:44:00'),
(31758, 82, '2013-04-27', '19:45:00'),
(31759, 54, '2013-04-27', '19:48:00'),
(31760, 36, '2013-04-27', '19:50:00'),
(31761, 83, '2013-04-27', '19:50:00'),
(31762, 19, '2013-04-27', '19:51:00'),
(31763, 50, '2013-04-27', '19:55:00'),
(31764, 16, '2013-04-27', '20:29:00'),
(31765, 87, '2013-04-27', '20:53:00'),
(31766, 82, '2013-04-27', '22:36:00'),
(31767, 35, '2013-04-28', '01:05:00'),
(31768, 14, '2013-04-28', '01:05:00'),
(31769, 55, '2013-04-28', '01:05:00'),
(31770, 40, '2013-04-28', '01:05:00'),
(31771, 10, '2013-04-28', '01:06:00'),
(31772, 83, '2013-04-28', '01:06:00'),
(31773, 16, '2013-04-28', '01:06:00'),
(31774, 43, '2013-04-28', '01:07:00'),
(31775, 18, '2013-04-28', '01:07:00'),
(31776, 54, '2013-04-28', '01:07:00'),
(31777, 19, '2013-04-28', '01:07:00'),
(31778, 36, '2013-04-28', '01:07:00'),
(31779, 29, '2013-04-28', '01:09:00'),
(31780, 38, '2013-04-28', '01:10:00'),
(31781, 50, '2013-04-28', '01:11:00'),
(31782, 87, '2013-04-28', '05:16:00'),
(31783, 85, '2013-04-29', '01:16:00'),
(31784, 85, '2013-04-29', '09:19:00'),
(31785, 67, '2013-04-29', '10:02:00'),
(31786, 30, '2013-04-29', '10:33:00'),
(31787, 27, '2013-04-29', '10:35:00'),
(31788, 53, '2013-04-29', '10:56:00'),
(31789, 46, '2013-04-29', '10:56:00'),
(31790, 68, '2013-04-29', '12:35:00'),
(31791, 68, '2013-04-29', '13:02:00'),
(31792, 67, '2013-04-29', '17:32:00'),
(31793, 46, '2013-04-29', '17:59:00'),
(31794, 27, '2013-04-29', '17:59:00'),
(31795, 53, '2013-04-29', '17:59:00'),
(31796, 30, '2013-04-29', '17:59:00'),
(31797, 25, '2013-04-29', '19:29:00'),
(31798, 34, '2013-04-29', '19:30:00'),
(31799, 29, '2013-04-29', '19:30:00'),
(31800, 12, '2013-04-29', '19:31:00'),
(31801, 5, '2013-04-29', '19:33:00'),
(31802, 37, '2013-04-29', '19:38:00'),
(31803, 34, '2013-04-29', '19:38:00'),
(31804, 24, '2013-04-29', '19:38:00'),
(31805, 61, '2013-04-29', '19:39:00'),
(31806, 41, '2013-04-29', '19:39:00'),
(31807, 71, '2013-04-29', '19:42:00'),
(31808, 70, '2013-04-29', '19:42:00'),
(31809, 76, '2013-04-29', '19:43:00'),
(31810, 3, '2013-04-29', '19:45:00'),
(31811, 88, '2013-04-29', '19:45:00'),
(31812, 20, '2013-04-29', '19:45:00'),
(31813, 89, '2013-04-29', '19:45:00'),
(31814, 190, '2013-04-29', '19:45:00'),
(31815, 59, '2013-04-29', '19:49:00'),
(31816, 192, '2013-04-29', '19:49:00'),
(31817, 32, '2013-04-29', '19:52:00'),
(31818, 191, '2013-04-29', '19:52:00'),
(31819, 81, '2013-04-29', '19:54:00'),
(31820, 77, '2013-04-29', '19:57:00'),
(31821, 73, '2013-04-29', '19:58:00'),
(31822, 86, '2013-04-29', '20:40:00'),
(31823, 86, '2013-04-29', '20:40:00'),
(31824, 87, '2013-04-29', '20:51:00'),
(31825, 84, '2013-04-30', '02:53:00'),
(31826, 14, '2013-04-30', '03:14:00'),
(31827, 21, '2013-04-30', '03:17:00'),
(31828, 38, '2013-04-30', '03:19:00'),
(31829, 79, '2013-04-30', '03:23:00'),
(31830, 16, '2013-04-30', '03:24:00'),
(31831, 49, '2013-04-30', '03:24:00'),
(31832, 50, '2013-04-30', '03:26:00'),
(31833, 18, '2013-04-30', '03:27:00'),
(31834, 9, '2013-04-30', '03:27:00'),
(31835, 31, '2013-04-30', '03:28:00'),
(31836, 2, '2013-04-30', '03:28:00'),
(31837, 52, '2013-04-30', '03:29:00'),
(31838, 82, '2013-04-30', '03:30:00'),
(31839, 35, '2013-04-30', '03:32:00'),
(31840, 54, '2013-04-30', '03:32:00'),
(31841, 40, '2013-04-30', '03:33:00'),
(31842, 54, '2013-04-30', '03:33:00'),
(31843, 85, '2013-04-30', '03:33:00'),
(31844, 55, '2013-04-30', '03:33:00'),
(31845, 34, '2013-04-30', '03:34:00'),
(31846, 59, '2013-04-30', '03:34:00'),
(31847, 73, '2013-04-30', '03:34:00'),
(31848, 191, '2013-04-30', '03:34:00'),
(31849, 32, '2013-04-30', '03:34:00'),
(31850, 76, '2013-04-30', '03:34:00'),
(31851, 45, '2013-04-30', '03:34:00'),
(31852, 190, '2013-04-30', '03:35:00'),
(31853, 37, '2013-04-30', '03:35:00'),
(31854, 29, '2013-04-30', '03:35:00'),
(31855, 77, '2013-04-30', '03:35:00'),
(31856, 25, '2013-04-30', '03:35:00'),
(31857, 86, '2013-04-30', '03:35:00'),
(31858, 86, '2013-04-30', '03:35:00'),
(31859, 3, '2013-04-30', '03:36:00'),
(31860, 81, '2013-04-30', '03:36:00'),
(31861, 88, '2013-04-30', '03:36:00'),
(31862, 71, '2013-04-30', '03:36:00'),
(31863, 89, '2013-04-30', '03:36:00'),
(31864, 20, '2013-04-30', '03:36:00'),
(31865, 192, '2013-04-30', '03:37:00'),
(31866, 41, '2013-04-30', '03:37:00'),
(31867, 36, '2013-04-30', '03:37:00'),
(31868, 83, '2013-04-30', '03:37:00'),
(31869, 5, '2013-04-30', '03:38:00'),
(31870, 6, '2013-04-30', '03:38:00'),
(31871, 19, '2013-04-30', '03:39:00'),
(31872, 43, '2013-04-30', '03:39:00'),
(31873, 87, '2013-04-30', '03:39:00'),
(31874, 66, '2013-04-30', '03:40:00'),
(31875, 47, '2013-04-30', '03:41:00'),
(31876, 12, '2013-04-30', '03:41:00'),
(31877, 24, '2013-04-30', '03:49:00'),
(31878, 61, '2013-04-30', '03:54:00'),
(31879, 61, '2013-04-30', '03:54:00'),
(31880, 68, '2013-04-30', '04:56:00'),
(31881, 10, '2013-04-30', '06:05:00'),
(31882, 68, '2013-04-30', '06:12:00'),
(31883, 31, '2013-04-30', '07:33:00'),
(31884, 67, '2013-04-30', '09:21:00'),
(31885, 27, '2013-04-30', '09:58:00'),
(31886, 85, '2013-04-30', '10:32:00'),
(31887, 30, '2013-04-30', '10:51:00'),
(31888, 35, '2013-04-30', '11:18:00'),
(31889, 21, '2013-04-30', '11:18:00'),
(31890, 45, '2013-04-30', '11:19:00'),
(31891, 9, '2013-04-30', '11:19:00'),
(31892, 40, '2013-04-30', '11:19:00'),
(31893, 82, '2013-04-30', '11:19:00'),
(31894, 14, '2013-04-30', '11:19:00'),
(31895, 43, '2013-04-30', '11:19:00'),
(31896, 16, '2013-04-30', '11:19:00'),
(31897, 54, '2013-04-30', '11:20:00'),
(31898, 18, '2013-04-30', '11:20:00'),
(31899, 55, '2013-04-30', '11:20:00'),
(31900, 49, '2013-04-30', '11:20:00'),
(31901, 83, '2013-04-30', '11:21:00'),
(31902, 49, '2013-04-30', '11:21:00'),
(31903, 49, '2013-04-30', '11:21:00'),
(31904, 47, '2013-04-30', '11:21:00'),
(31905, 49, '2013-04-30', '11:21:00'),
(31906, 47, '2013-04-30', '11:21:00'),
(31907, 10, '2013-04-30', '11:22:00'),
(31908, 19, '2013-04-30', '11:23:00'),
(31909, 38, '2013-04-30', '11:24:00'),
(31910, 79, '2013-04-30', '11:24:00'),
(31911, 52, '2013-04-30', '11:25:00'),
(31912, 36, '2013-04-30', '11:26:00'),
(31913, 36, '2013-04-30', '11:27:00'),
(31914, 66, '2013-04-30', '11:37:00'),
(31915, 84, '2013-04-30', '12:08:00'),
(31916, 68, '2013-04-30', '12:33:00'),
(31917, 46, '2013-04-30', '12:35:00'),
(31918, 68, '2013-04-30', '13:03:00'),
(31919, 2, '2013-04-30', '13:42:00'),
(31920, 27, '2013-04-30', '15:43:00'),
(31921, 27, '2013-04-30', '15:51:00'),
(31922, 63, '2013-04-30', '17:25:00'),
(31923, 30, '2013-04-30', '17:25:00'),
(31924, 46, '2013-04-30', '17:25:00'),
(31925, 27, '2013-04-30', '17:25:00'),
(31926, 67, '2013-04-30', '17:28:00'),
(31927, 61, '2013-04-30', '18:41:00'),
(31928, 24, '2013-04-30', '19:14:00'),
(31929, 24, '2013-04-30', '19:17:00'),
(31930, 34, '2013-04-30', '19:27:00'),
(31931, 32, '2013-04-30', '19:29:00'),
(31932, 6, '2013-04-30', '19:32:00'),
(31933, 25, '2013-04-30', '19:36:00'),
(31934, 12, '2013-04-30', '19:38:00'),
(31935, 77, '2013-04-30', '19:38:00'),
(31936, 71, '2013-04-30', '19:38:00'),
(31937, 88, '2013-04-30', '19:38:00'),
(31938, 190, '2013-04-30', '19:38:00'),
(31939, 3, '2013-04-30', '19:41:00'),
(31940, 29, '2013-04-30', '19:44:00'),
(31941, 41, '2013-04-30', '19:44:00'),
(31942, 41, '2013-04-30', '19:44:00'),
(31943, 59, '2013-04-30', '19:47:00'),
(31944, 192, '2013-04-30', '19:50:00'),
(31945, 81, '2013-04-30', '19:53:00'),
(31946, 73, '2013-04-30', '19:56:00'),
(31947, 20, '2013-04-30', '19:59:00'),
(31948, 89, '2013-04-30', '19:59:00'),
(31949, 5, '2013-04-30', '19:59:00'),
(31950, 191, '2013-04-30', '19:59:00'),
(31951, 76, '2013-04-30', '20:02:00'),
(31952, 86, '2013-04-30', '20:35:00'),
(31953, 86, '2013-04-30', '20:35:00'),
(31954, 87, '2013-04-30', '20:51:00'),
(31955, 84, '2013-05-01', '02:52:00'),
(31956, 38, '2013-05-01', '03:09:00'),
(31957, 85, '2013-05-01', '03:15:00'),
(31958, 14, '2013-05-01', '03:17:00'),
(31959, 35, '2013-05-01', '03:22:00'),
(31960, 21, '2013-05-01', '03:22:00'),
(31961, 31, '2013-05-01', '03:23:00'),
(31962, 18, '2013-05-01', '03:23:00'),
(31963, 52, '2013-05-01', '03:23:00'),
(31964, 16, '2013-05-01', '03:24:00'),
(31965, 9, '2013-05-01', '03:24:00'),
(31966, 2, '2013-05-01', '03:26:00'),
(31967, 49, '2013-05-01', '03:28:00'),
(31968, 82, '2013-05-01', '03:30:00'),
(31969, 40, '2013-05-01', '03:33:00'),
(31970, 59, '2013-05-01', '03:34:00'),
(31971, 34, '2013-05-01', '03:34:00'),
(31972, 191, '2013-05-01', '03:34:00'),
(31973, 54, '2013-05-01', '03:34:00'),
(31974, 54, '2013-05-01', '03:34:00'),
(31975, 73, '2013-05-01', '03:34:00'),
(31976, 32, '2013-05-01', '03:34:00'),
(31977, 50, '2013-05-01', '03:35:00'),
(31978, 10, '2013-05-01', '03:35:00'),
(31979, 37, '2013-05-01', '03:35:00'),
(31980, 66, '2013-05-01', '03:35:00'),
(31981, 88, '2013-05-01', '03:35:00'),
(31982, 6, '2013-05-01', '03:35:00'),
(31983, 89, '2013-05-01', '03:35:00'),
(31984, 41, '2013-05-01', '03:35:00'),
(31985, 76, '2013-05-01', '03:35:00'),
(31986, 71, '2013-05-01', '03:35:00'),
(31987, 55, '2013-05-01', '03:35:00'),
(31988, 3, '2013-05-01', '03:36:00'),
(31989, 77, '2013-05-01', '03:36:00'),
(31990, 5, '2013-05-01', '03:36:00'),
(31991, 29, '2013-05-01', '03:36:00'),
(31992, 45, '2013-05-01', '03:37:00'),
(31993, 79, '2013-05-01', '03:37:00'),
(31994, 81, '2013-05-01', '03:37:00'),
(31995, 192, '2013-05-01', '03:38:00'),
(31996, 87, '2013-05-01', '03:38:00'),
(31997, 86, '2013-05-01', '03:39:00'),
(31998, 86, '2013-05-01', '03:39:00'),
(31999, 190, '2013-05-01', '03:39:00'),
(32000, 12, '2013-05-01', '03:39:00'),
(32001, 36, '2013-05-01', '03:40:00'),
(32002, 43, '2013-05-01', '03:40:00'),
(32003, 83, '2013-05-01', '03:40:00'),
(32004, 47, '2013-05-01', '03:40:00'),
(32005, 19, '2013-05-01', '03:42:00'),
(32006, 20, '2013-05-01', '03:43:00'),
(32007, 25, '2013-05-01', '03:43:00'),
(32008, 24, '2013-05-01', '03:44:00'),
(32009, 68, '2013-05-01', '05:30:00'),
(32010, 61, '2013-05-01', '09:54:00'),
(32011, 85, '2013-05-01', '10:27:00'),
(32012, 85, '2013-05-01', '10:28:00'),
(32013, 30, '2013-05-01', '10:29:00'),
(32014, 63, '2013-05-01', '10:58:00'),
(32015, 46, '2013-05-01', '11:00:00'),
(32016, 27, '2013-05-01', '11:01:00'),
(32017, 35, '2013-05-01', '11:19:00'),
(32018, 16, '2013-05-01', '11:19:00'),
(32019, 14, '2013-05-01', '11:19:00'),
(32020, 9, '2013-05-01', '11:20:00'),
(32021, 79, '2013-05-01', '11:20:00'),
(32022, 43, '2013-05-01', '11:20:00'),
(32023, 40, '2013-05-01', '11:20:00'),
(32024, 10, '2013-05-01', '11:20:00'),
(32025, 19, '2013-05-01', '11:21:00'),
(32026, 83, '2013-05-01', '11:21:00'),
(32027, 47, '2013-05-01', '11:21:00'),
(32028, 45, '2013-05-01', '11:21:00'),
(32029, 52, '2013-05-01', '11:21:00'),
(32030, 82, '2013-05-01', '11:21:00'),
(32031, 21, '2013-05-01', '11:22:00'),
(32032, 18, '2013-05-01', '11:22:00'),
(32033, 31, '2013-05-01', '11:22:00'),
(32034, 55, '2013-05-01', '11:22:00'),
(32035, 36, '2013-05-01', '11:23:00'),
(32036, 54, '2013-05-01', '11:23:00'),
(32037, 50, '2013-05-01', '11:23:00'),
(32038, 66, '2013-05-01', '11:24:00'),
(32039, 49, '2013-05-01', '11:25:00'),
(32040, 38, '2013-05-01', '11:27:00'),
(32041, 84, '2013-05-01', '12:18:00'),
(32042, 2, '2013-05-01', '12:42:00'),
(32043, 46, '2013-05-01', '14:41:00'),
(32044, 68, '2013-05-01', '15:35:00'),
(32045, 27, '2013-05-01', '17:30:00'),
(32046, 30, '2013-05-01', '17:30:00'),
(32047, 63, '2013-05-01', '17:30:00'),
(32048, 53, '2013-05-01', '17:30:00'),
(32049, 61, '2013-05-01', '18:34:00'),
(32050, 6, '2013-05-01', '19:06:00'),
(32051, 25, '2013-05-01', '19:18:00'),
(32052, 34, '2013-05-01', '19:24:00'),
(32053, 5, '2013-05-01', '19:25:00'),
(32054, 59, '2013-05-01', '19:25:00'),
(32055, 77, '2013-05-01', '19:32:00'),
(32056, 70, '2013-05-01', '19:35:00'),
(32057, 12, '2013-05-01', '19:35:00'),
(32058, 24, '2013-05-01', '19:36:00'),
(32059, 32, '2013-05-01', '19:36:00'),
(32060, 191, '2013-05-01', '19:36:00'),
(32061, 29, '2013-05-01', '19:38:00'),
(32062, 3, '2013-05-01', '19:40:00'),
(32063, 41, '2013-05-01', '19:41:00'),
(32064, 76, '2013-05-01', '19:41:00'),
(32065, 71, '2013-05-01', '19:47:00'),
(32066, 190, '2013-05-01', '19:47:00'),
(32067, 192, '2013-05-01', '19:50:00'),
(32068, 20, '2013-05-01', '19:54:00'),
(32069, 89, '2013-05-01', '19:54:00'),
(32070, 88, '2013-05-01', '19:54:00'),
(32071, 81, '2013-05-01', '19:56:00'),
(32072, 73, '2013-05-01', '20:00:00'),
(32073, 37, '2013-05-01', '20:02:00'),
(32074, 86, '2013-05-01', '20:24:00'),
(32075, 87, '2013-05-01', '20:39:00'),
(32076, 38, '2013-05-02', '03:11:00'),
(32077, 14, '2013-05-02', '03:19:00'),
(32078, 21, '2013-05-02', '03:21:00'),
(32079, 2, '2013-05-02', '03:23:00'),
(32080, 16, '2013-05-02', '03:24:00'),
(32081, 85, '2013-05-02', '03:25:00'),
(32082, 10, '2013-05-02', '03:25:00'),
(32083, 52, '2013-05-02', '03:27:00'),
(32084, 9, '2013-05-02', '03:27:00'),
(32085, 50, '2013-05-02', '03:27:00'),
(32086, 49, '2013-05-02', '03:27:00'),
(32087, 45, '2013-05-02', '03:29:00'),
(32088, 45, '2013-05-02', '03:29:00'),
(32089, 79, '2013-05-02', '03:29:00'),
(32090, 35, '2013-05-02', '03:30:00'),
(32091, 40, '2013-05-02', '03:31:00'),
(32092, 55, '2013-05-02', '03:33:00'),
(32093, 83, '2013-05-02', '03:33:00'),
(32094, 73, '2013-05-02', '03:34:00'),
(32095, 34, '2013-05-02', '03:34:00'),
(32096, 59, '2013-05-02', '03:34:00'),
(32097, 87, '2013-05-02', '03:34:00'),
(32098, 29, '2013-05-02', '03:34:00'),
(32099, 191, '2013-05-02', '03:34:00'),
(32100, 19, '2013-05-02', '03:34:00'),
(32101, 32, '2013-05-02', '03:35:00'),
(32102, 77, '2013-05-02', '03:35:00'),
(32103, 190, '2013-05-02', '03:35:00'),
(32104, 86, '2013-05-02', '03:35:00'),
(32105, 86, '2013-05-02', '03:35:00'),
(32106, 89, '2013-05-02', '03:35:00'),
(32107, 20, '2013-05-02', '03:35:00'),
(32108, 71, '2013-05-02', '03:35:00'),
(32109, 37, '2013-05-02', '03:35:00'),
(32110, 70, '2013-05-02', '03:36:00'),
(32111, 82, '2013-05-02', '03:36:00'),
(32112, 88, '2013-05-02', '03:37:00'),
(32113, 41, '2013-05-02', '03:37:00'),
(32114, 81, '2013-05-02', '03:37:00'),
(32115, 6, '2013-05-02', '03:37:00'),
(32116, 3, '2013-05-02', '03:37:00'),
(32117, 76, '2013-05-02', '03:37:00'),
(32118, 5, '2013-05-02', '03:38:00'),
(32119, 192, '2013-05-02', '03:38:00'),
(32120, 43, '2013-05-02', '03:39:00'),
(32121, 47, '2013-05-02', '03:39:00'),
(32122, 54, '2013-05-02', '03:40:00'),
(32123, 12, '2013-05-02', '03:40:00'),
(32124, 25, '2013-05-02', '03:49:00'),
(32125, 24, '2013-05-02', '04:01:00'),
(32126, 84, '2013-05-02', '04:56:00'),
(32127, 84, '2013-05-02', '04:56:00'),
(32128, 68, '2013-05-02', '05:19:00'),
(32129, 68, '2013-05-02', '06:15:00'),
(32130, 67, '2013-05-02', '07:35:00'),
(32131, 30, '2013-05-02', '10:37:00'),
(32132, 85, '2013-05-02', '10:39:00'),
(32133, 27, '2013-05-02', '10:50:00'),
(32134, 63, '2013-05-02', '10:51:00'),
(32135, 46, '2013-05-02', '11:01:00'),
(32136, 53, '2013-05-02', '11:13:00'),
(32137, 45, '2013-05-02', '11:18:00'),
(32138, 21, '2013-05-02', '11:19:00'),
(32139, 9, '2013-05-02', '11:19:00'),
(32140, 14, '2013-05-02', '11:19:00'),
(32141, 79, '2013-05-02', '11:19:00'),
(32142, 55, '2013-05-02', '11:20:00'),
(32143, 52, '2013-05-02', '11:20:00'),
(32144, 10, '2013-05-02', '11:20:00'),
(32145, 16, '2013-05-02', '11:20:00'),
(32146, 35, '2013-05-02', '11:20:00'),
(32147, 43, '2013-05-02', '11:20:00'),
(32148, 49, '2013-05-02', '11:20:00'),
(32149, 40, '2013-05-02', '11:20:00'),
(32150, 19, '2013-05-02', '11:21:00'),
(32151, 36, '2013-05-02', '11:21:00'),
(32152, 83, '2013-05-02', '11:21:00'),
(32153, 54, '2013-05-02', '11:21:00'),
(32154, 47, '2013-05-02', '11:21:00'),
(32155, 82, '2013-05-02', '11:22:00'),
(32156, 38, '2013-05-02', '11:22:00'),
(32157, 36, '2013-05-02', '11:35:00'),
(32158, 68, '2013-05-02', '12:31:00'),
(32159, 68, '2013-05-02', '13:07:00'),
(32160, 2, '2013-05-02', '13:30:00'),
(32161, 84, '2013-05-02', '14:37:00'),
(32162, 67, '2013-05-02', '15:26:00'),
(32163, 63, '2013-05-02', '16:26:00'),
(32164, 27, '2013-05-02', '16:26:00'),
(32165, 46, '2013-05-02', '17:10:00'),
(32166, 30, '2013-05-02', '17:10:00'),
(32167, 61, '2013-05-02', '19:20:00'),
(32168, 6, '2013-05-02', '19:20:00'),
(32169, 34, '2013-05-02', '19:21:00'),
(32170, 37, '2013-05-02', '19:25:00'),
(32171, 5, '2013-05-02', '19:25:00'),
(32172, 29, '2013-05-02', '19:30:00'),
(32173, 25, '2013-05-02', '19:32:00'),
(32174, 71, '2013-05-02', '19:33:00'),
(32175, 70, '2013-05-02', '19:33:00'),
(32176, 41, '2013-05-02', '19:36:00'),
(32177, 88, '2013-05-02', '19:40:00'),
(32178, 24, '2013-05-02', '19:42:00'),
(32179, 3, '2013-05-02', '19:43:00'),
(32180, 192, '2013-05-02', '19:45:00'),
(32181, 77, '2013-05-02', '19:49:00'),
(32182, 12, '2013-05-02', '19:49:00'),
(32183, 59, '2013-05-02', '19:49:00'),
(32184, 190, '2013-05-02', '19:49:00'),
(32185, 81, '2013-05-02', '19:50:00'),
(32186, 191, '2013-05-02', '19:50:00'),
(32187, 73, '2013-05-02', '19:52:00'),
(32188, 76, '2013-05-02', '19:52:00'),
(32189, 20, '2013-05-02', '19:55:00'),
(32190, 89, '2013-05-02', '19:55:00'),
(32191, 32, '2013-05-02', '19:58:00'),
(32192, 86, '2013-05-02', '20:47:00'),
(32193, 87, '2013-05-02', '20:49:00'),
(32194, 84, '2013-05-03', '02:58:00'),
(32195, 38, '2013-05-03', '03:03:00'),
(32196, 14, '2013-05-03', '03:11:00'),
(32197, 21, '2013-05-03', '03:12:00'),
(32198, 50, '2013-05-03', '03:24:00'),
(32199, 16, '2013-05-03', '03:24:00'),
(32200, 82, '2013-05-03', '03:25:00'),
(32201, 49, '2013-05-03', '03:26:00'),
(32202, 9, '2013-05-03', '03:27:00'),
(32203, 45, '2013-05-03', '03:29:00'),
(32204, 66, '2013-05-03', '03:31:00'),
(32205, 2, '2013-05-03', '03:31:00'),
(32206, 32, '2013-05-03', '03:33:00'),
(32207, 34, '2013-05-03', '03:33:00'),
(32208, 59, '2013-05-03', '03:34:00'),
(32209, 40, '2013-05-03', '03:34:00'),
(32210, 55, '2013-05-03', '03:34:00'),
(32211, 29, '2013-05-03', '03:34:00'),
(32212, 73, '2013-05-03', '03:35:00'),
(32213, 81, '2013-05-03', '03:35:00'),
(32214, 88, '2013-05-03', '03:35:00'),
(32215, 76, '2013-05-03', '03:35:00'),
(32216, 190, '2013-05-03', '03:35:00'),
(32217, 6, '2013-05-03', '03:35:00'),
(32218, 54, '2013-05-03', '03:35:00'),
(32219, 35, '2013-05-03', '03:35:00'),
(32220, 41, '2013-05-03', '03:35:00'),
(32221, 77, '2013-05-03', '03:35:00'),
(32222, 191, '2013-05-03', '03:35:00'),
(32223, 71, '2013-05-03', '03:35:00'),
(32224, 89, '2013-05-03', '03:35:00'),
(32225, 37, '2013-05-03', '03:36:00'),
(32226, 5, '2013-05-03', '03:36:00'),
(32227, 3, '2013-05-03', '03:36:00'),
(32228, 43, '2013-05-03', '03:36:00'),
(32229, 192, '2013-05-03', '03:36:00'),
(32230, 87, '2013-05-03', '03:36:00'),
(32231, 36, '2013-05-03', '03:36:00'),
(32232, 83, '2013-05-03', '03:37:00'),
(32233, 86, '2013-05-03', '03:37:00'),
(32234, 86, '2013-05-03', '03:37:00'),
(32235, 70, '2013-05-03', '03:37:00'),
(32236, 19, '2013-05-03', '03:38:00'),
(32237, 20, '2013-05-03', '03:38:00'),
(32238, 25, '2013-05-03', '03:38:00'),
(32239, 79, '2013-05-03', '03:38:00'),
(32240, 44, '2013-05-03', '03:38:00'),
(32241, 52, '2013-05-03', '03:39:00'),
(32242, 10, '2013-05-03', '03:39:00'),
(32243, 12, '2013-05-03', '03:39:00'),
(32244, 85, '2013-05-03', '03:40:00'),
(32245, 47, '2013-05-03', '03:40:00'),
(32246, 24, '2013-05-03', '03:52:00'),
(32247, 68, '2013-05-03', '04:58:00'),
(32248, 68, '2013-05-03', '06:05:00'),
(32249, 18, '2013-05-03', '07:16:00'),
(32250, 31, '2013-05-03', '07:16:00'),
(32251, 67, '2013-05-03', '10:04:00'),
(32252, 85, '2013-05-03', '10:38:00'),
(32253, 27, '2013-05-03', '10:41:00'),
(32254, 46, '2013-05-03', '11:01:00'),
(32255, 53, '2013-05-03', '11:03:00'),
(32256, 14, '2013-05-03', '11:24:00'),
(32257, 16, '2013-05-03', '11:24:00'),
(32258, 52, '2013-05-03', '11:24:00'),
(32259, 49, '2013-05-03', '11:24:00'),
(32260, 9, '2013-05-03', '11:24:00'),
(32261, 36, '2013-05-03', '11:24:00'),
(32262, 40, '2013-05-03', '11:24:00'),
(32263, 35, '2013-05-03', '11:24:00'),
(32264, 55, '2013-05-03', '11:24:00'),
(32265, 18, '2013-05-03', '11:25:00'),
(32266, 83, '2013-05-03', '11:25:00'),
(32267, 31, '2013-05-03', '11:25:00'),
(32268, 10, '2013-05-03', '11:25:00'),
(32269, 82, '2013-05-03', '11:25:00'),
(32270, 21, '2013-05-03', '11:25:00'),
(32271, 66, '2013-05-03', '11:25:00'),
(32272, 43, '2013-05-03', '11:26:00'),
(32273, 79, '2013-05-03', '11:26:00'),
(32274, 54, '2013-05-03', '11:26:00'),
(32275, 19, '2013-05-03', '11:26:00'),
(32276, 45, '2013-05-03', '11:26:00'),
(32277, 47, '2013-05-03', '11:28:00'),
(32278, 38, '2013-05-03', '11:33:00'),
(32279, 63, '2013-05-03', '11:41:00'),
(32280, 50, '2013-05-03', '11:53:00'),
(32281, 30, '2013-05-03', '12:17:00'),
(32282, 68, '2013-05-03', '12:20:00'),
(32283, 61, '2013-05-03', '12:29:00'),
(32284, 84, '2013-05-03', '12:31:00'),
(32285, 68, '2013-05-03', '13:03:00'),
(32286, 2, '2013-05-03', '14:17:00'),
(32287, 67, '2013-05-03', '15:08:00'),
(32288, 27, '2013-05-03', '18:55:00'),
(32289, 63, '2013-05-03', '18:55:00'),
(32290, 53, '2013-05-03', '18:55:00'),
(32291, 30, '2013-05-03', '18:56:00'),
(32292, 46, '2013-05-03', '18:56:00'),
(32293, 25, '2013-05-03', '19:27:00'),
(32294, 6, '2013-05-03', '19:27:00'),
(32295, 59, '2013-05-03', '19:28:00'),
(32296, 5, '2013-05-03', '19:28:00'),
(32297, 34, '2013-05-03', '19:28:00'),
(32298, 12, '2013-05-03', '19:32:00'),
(32299, 29, '2013-05-03', '19:33:00'),
(32300, 88, '2013-05-03', '19:37:00'),
(32301, 20, '2013-05-03', '19:39:00'),
(32302, 76, '2013-05-03', '19:40:00'),
(32303, 32, '2013-05-03', '19:40:00'),
(32304, 71, '2013-05-03', '19:44:00'),
(32305, 70, '2013-05-03', '19:44:00'),
(32306, 89, '2013-05-03', '19:45:00'),
(32307, 3, '2013-05-03', '19:46:00'),
(32308, 37, '2013-05-03', '19:46:00'),
(32309, 24, '2013-05-03', '19:46:00'),
(32310, 61, '2013-05-03', '19:46:00'),
(32311, 12, '2013-05-03', '19:47:00'),
(32312, 191, '2013-05-03', '19:49:00'),
(32313, 77, '2013-05-03', '19:51:00'),
(32314, 41, '2013-05-03', '19:51:00'),
(32315, 73, '2013-05-03', '19:54:00'),
(32316, 190, '2013-05-03', '19:55:00'),
(32317, 81, '2013-05-03', '19:59:00'),
(32318, 192, '2013-05-03', '20:02:00'),
(32319, 86, '2013-05-03', '20:22:00'),
(32320, 86, '2013-05-03', '20:22:00'),
(32321, 87, '2013-05-03', '20:44:00'),
(32322, 84, '2013-05-04', '02:39:00'),
(32323, 38, '2013-05-04', '03:10:00'),
(32324, 85, '2013-05-04', '03:16:00'),
(32325, 2, '2013-05-04', '03:18:00'),
(32326, 82, '2013-05-04', '03:21:00'),
(32327, 21, '2013-05-04', '03:21:00'),
(32328, 49, '2013-05-04', '03:24:00'),
(32329, 50, '2013-05-04', '03:27:00'),
(32330, 9, '2013-05-04', '03:28:00'),
(32331, 35, '2013-05-04', '03:31:00'),
(32332, 52, '2013-05-04', '03:32:00'),
(32333, 40, '2013-05-04', '03:33:00'),
(32334, 191, '2013-05-04', '03:33:00'),
(32335, 34, '2013-05-04', '03:33:00'),
(32336, 29, '2013-05-04', '03:33:00'),
(32337, 190, '2013-05-04', '03:34:00'),
(32338, 59, '2013-05-04', '03:34:00'),
(32339, 73, '2013-05-04', '03:34:00'),
(32340, 86, '2013-05-04', '03:34:00'),
(32341, 86, '2013-05-04', '03:34:00'),
(32342, 81, '2013-05-04', '03:34:00'),
(32343, 192, '2013-05-04', '03:34:00'),
(32344, 6, '2013-05-04', '03:34:00'),
(32345, 88, '2013-05-04', '03:34:00'),
(32346, 87, '2013-05-04', '03:35:00'),
(32347, 36, '2013-05-04', '03:35:00'),
(32348, 83, '2013-05-04', '03:35:00'),
(32349, 32, '2013-05-04', '03:35:00'),
(32350, 37, '2013-05-04', '03:35:00'),
(32351, 81, '2013-05-04', '03:35:00'),
(32352, 41, '2013-05-04', '03:35:00'),
(32353, 77, '2013-05-04', '03:35:00'),
(32354, 45, '2013-05-04', '03:36:00'),
(32355, 19, '2013-05-04', '03:36:00'),
(32356, 76, '2013-05-04', '03:36:00'),
(32357, 3, '2013-05-04', '03:36:00'),
(32358, 54, '2013-05-04', '03:37:00'),
(32359, 71, '2013-05-04', '03:37:00'),
(32360, 70, '2013-05-04', '03:38:00'),
(32361, 43, '2013-05-04', '03:38:00'),
(32362, 79, '2013-05-04', '03:39:00'),
(32363, 12, '2013-05-04', '03:39:00'),
(32364, 12, '2013-05-04', '03:39:00'),
(32365, 47, '2013-05-04', '03:42:00'),
(32366, 89, '2013-05-04', '03:43:00'),
(32367, 20, '2013-05-04', '03:43:00'),
(32368, 10, '2013-05-04', '03:44:00'),
(32369, 44, '2013-05-04', '03:45:00'),
(32370, 25, '2013-05-04', '03:49:00'),
(32371, 68, '2013-05-04', '05:21:00'),
(32372, 24, '2013-05-04', '05:55:00'),
(32373, 5, '2013-05-04', '05:56:00'),
(32374, 68, '2013-05-04', '06:12:00'),
(32375, 66, '2013-05-04', '06:50:00'),
(32376, 61, '2013-05-04', '09:43:00'),
(32377, 67, '2013-05-04', '10:15:00'),
(32378, 85, '2013-05-04', '10:39:00'),
(32379, 21, '2013-05-04', '11:18:00'),
(32380, 52, '2013-05-04', '11:19:00'),
(32381, 9, '2013-05-04', '11:19:00'),
(32382, 35, '2013-05-04', '11:19:00'),
(32383, 54, '2013-05-04', '11:20:00'),
(32384, 49, '2013-05-04', '11:20:00'),
(32385, 44, '2013-05-04', '11:21:00'),
(32386, 10, '2013-05-04', '11:21:00'),
(32387, 40, '2013-05-04', '11:21:00'),
(32388, 83, '2013-05-04', '11:22:00'),
(32389, 38, '2013-05-04', '11:22:00'),
(32390, 36, '2013-05-04', '11:22:00'),
(32391, 19, '2013-05-04', '11:22:00'),
(32392, 79, '2013-05-04', '11:23:00'),
(32393, 43, '2013-05-04', '11:23:00'),
(32394, 45, '2013-05-04', '11:23:00'),
(32395, 45, '2013-05-04', '11:23:00'),
(32396, 66, '2013-05-04', '11:23:00'),
(32397, 82, '2013-05-04', '11:24:00'),
(32398, 47, '2013-05-04', '11:26:00'),
(32399, 50, '2013-05-04', '11:26:00'),
(32400, 68, '2013-05-04', '12:23:00'),
(32401, 2, '2013-05-04', '12:29:00'),
(32402, 84, '2013-05-04', '12:38:00'),
(32403, 68, '2013-05-04', '13:04:00'),
(32404, 67, '2013-05-04', '17:33:00'),
(32405, 20, '2013-05-04', '19:07:00'),
(32406, 5, '2013-05-04', '19:08:00'),
(32407, 12, '2013-05-04', '19:20:00'),
(32408, 89, '2013-05-04', '19:23:00'),
(32409, 6, '2013-05-04', '19:26:00'),
(32410, 29, '2013-05-04', '19:37:00'),
(32411, 34, '2013-05-04', '19:38:00'),
(32412, 77, '2013-05-04', '19:41:00'),
(32413, 3, '2013-05-04', '19:43:00'),
(32414, 190, '2013-05-04', '19:45:00'),
(32415, 59, '2013-05-04', '19:46:00'),
(32416, 41, '2013-05-04', '19:46:00'),
(32417, 24, '2013-05-04', '19:48:00'),
(32418, 192, '2013-05-04', '19:50:00'),
(32419, 73, '2013-05-04', '19:53:00'),
(32420, 32, '2013-05-04', '19:55:00'),
(32421, 191, '2013-05-04', '19:58:00'),
(32422, 71, '2013-05-04', '20:03:00'),
(32423, 70, '2013-05-04', '20:03:00'),
(32424, 86, '2013-05-04', '20:45:00'),
(32425, 86, '2013-05-04', '20:45:00'),
(32426, 87, '2013-05-04', '21:02:00'),
(32427, 3, '2013-05-05', '01:03:00'),
(32428, 73, '2013-05-05', '01:03:00'),
(32429, 29, '2013-05-05', '01:03:00'),
(32430, 192, '2013-05-05', '01:03:00'),
(32431, 191, '2013-05-05', '01:04:00'),
(32432, 77, '2013-05-05', '01:04:00'),
(32433, 59, '2013-05-05', '01:04:00'),
(32434, 32, '2013-05-05', '01:04:00'),
(32435, 34, '2013-05-05', '01:04:00'),
(32436, 41, '2013-05-05', '01:05:00'),
(32437, 71, '2013-05-05', '01:05:00'),
(32438, 190, '2013-05-05', '01:05:00'),
(32439, 88, '2013-05-05', '01:05:00'),
(32440, 70, '2013-05-05', '01:05:00'),
(32441, 6, '2013-05-05', '01:05:00'),
(32442, 5, '2013-05-05', '01:06:00'),
(32443, 12, '2013-05-05', '01:08:00'),
(32444, 24, '2013-05-05', '01:09:00'),
(32445, 89, '2013-05-05', '01:09:00'),
(32446, 20, '2013-05-05', '01:10:00'),
(32447, 86, '2013-05-05', '04:38:00'),
(32448, 87, '2013-05-05', '04:38:00'),
(32449, 85, '2013-05-06', '01:11:00'),
(32450, 85, '2013-05-06', '09:55:00'),
(32451, 46, '2013-05-06', '10:42:00'),
(32452, 53, '2013-05-06', '10:55:00'),
(32453, 53, '2013-05-06', '10:55:00'),
(32454, 63, '2013-05-06', '10:59:00'),
(32455, 27, '2013-05-06', '10:59:00'),
(32456, 68, '2013-05-06', '12:31:00'),
(32457, 68, '2013-05-06', '13:03:00'),
(32458, 53, '2013-05-06', '19:06:00'),
(32459, 63, '2013-05-06', '19:06:00'),
(32460, 46, '2013-05-06', '19:06:00'),
(32461, 25, '2013-05-06', '19:26:00'),
(32462, 5, '2013-05-06', '19:26:00'),
(32463, 59, '2013-05-06', '19:27:00'),
(32464, 6, '2013-05-06', '19:28:00'),
(32465, 34, '2013-05-06', '19:30:00'),
(32466, 71, '2013-05-06', '19:30:00'),
(32467, 70, '2013-05-06', '19:30:00'),
(32468, 37, '2013-05-06', '19:34:00'),
(32469, 29, '2013-05-06', '19:34:00'),
(32470, 24, '2013-05-06', '19:34:00'),
(32471, 77, '2013-05-06', '19:36:00'),
(32472, 89, '2013-05-06', '19:37:00'),
(32473, 88, '2013-05-06', '19:37:00'),
(32474, 12, '2013-05-06', '19:42:00'),
(32475, 12, '2013-05-06', '19:42:00'),
(32476, 41, '2013-05-06', '19:43:00'),
(32477, 3, '2013-05-06', '19:43:00'),
(32478, 32, '2013-05-06', '19:43:00'),
(32479, 190, '2013-05-06', '19:43:00'),
(32480, 192, '2013-05-06', '19:50:00'),
(32481, 76, '2013-05-06', '19:52:00'),
(32482, 81, '2013-05-06', '19:52:00'),
(32483, 73, '2013-05-06', '19:52:00'),
(32484, 61, '2013-05-06', '19:53:00'),
(32485, 191, '2013-05-06', '19:58:00'),
(32486, 20, '2013-05-06', '20:36:00'),
(32487, 86, '2013-05-06', '20:42:00'),
(32488, 86, '2013-05-06', '20:42:00'),
(32489, 87, '2013-05-06', '20:48:00'),
(32490, 84, '2013-05-07', '02:52:00'),
(32491, 14, '2013-05-07', '03:16:00'),
(32492, 21, '2013-05-07', '03:17:00'),
(32493, 38, '2013-05-07', '03:18:00'),
(32494, 2, '2013-05-07', '03:19:00'),
(32495, 82, '2013-05-07', '03:19:00'),
(32496, 49, '2013-05-07', '03:23:00'),
(32497, 16, '2013-05-07', '03:23:00'),
(32498, 50, '2013-05-07', '03:26:00'),
(32499, 85, '2013-05-07', '03:27:00'),
(32500, 45, '2013-05-07', '03:30:00'),
(32501, 79, '2013-05-07', '03:30:00'),
(32502, 66, '2013-05-07', '03:33:00'),
(32503, 191, '2013-05-07', '03:34:00'),
(32504, 34, '2013-05-07', '03:34:00'),
(32505, 59, '2013-05-07', '03:34:00'),
(32506, 73, '2013-05-07', '03:34:00'),
(32507, 3, '2013-05-07', '03:34:00'),
(32508, 29, '2013-05-07', '03:34:00'),
(32509, 77, '2013-05-07', '03:35:00'),
(32510, 190, '2013-05-07', '03:35:00'),
(32511, 32, '2013-05-07', '03:35:00'),
(32512, 76, '2013-05-07', '03:36:00'),
(32513, 37, '2013-05-07', '03:36:00'),
(32514, 89, '2013-05-07', '03:36:00'),
(32515, 192, '2013-05-07', '03:36:00'),
(32516, 36, '2013-05-07', '03:36:00'),
(32517, 41, '2013-05-07', '03:36:00'),
(32518, 81, '2013-05-07', '03:36:00'),
(32519, 88, '2013-05-07', '03:36:00'),
(32520, 87, '2013-05-07', '03:36:00'),
(32521, 5, '2013-05-07', '03:37:00'),
(32522, 86, '2013-05-07', '03:38:00'),
(32523, 86, '2013-05-07', '03:38:00'),
(32524, 40, '2013-05-07', '03:38:00'),
(32525, 54, '2013-05-07', '03:38:00'),
(32526, 20, '2013-05-07', '03:38:00'),
(32527, 25, '2013-05-07', '03:38:00'),
(32528, 19, '2013-05-07', '03:38:00'),
(32529, 43, '2013-05-07', '03:38:00'),
(32530, 52, '2013-05-07', '03:39:00'),
(32531, 55, '2013-05-07', '03:39:00'),
(32532, 44, '2013-05-07', '03:39:00'),
(32533, 70, '2013-05-07', '03:40:00'),
(32534, 12, '2013-05-07', '03:40:00'),
(32535, 71, '2013-05-07', '03:41:00'),
(32536, 47, '2013-05-07', '03:41:00'),
(32537, 24, '2013-05-07', '03:47:00'),
(32538, 35, '2013-05-07', '03:52:00'),
(32539, 24, '2013-05-07', '04:03:00'),
(32540, 83, '2013-05-07', '04:48:00'),
(32541, 68, '2013-05-07', '05:06:00'),
(32542, 10, '2013-05-07', '05:54:00'),
(32543, 31, '2013-05-07', '06:21:00'),
(32544, 68, '2013-05-07', '06:24:00'),
(32545, 61, '2013-05-07', '07:02:00'),
(32546, 90, '2013-05-07', '07:08:00'),
(32547, 91, '2013-05-07', '07:08:00'),
(32548, 91, '2013-05-07', '07:08:00'),
(32549, 67, '2013-05-07', '09:56:00'),
(32550, 85, '2013-05-07', '10:34:00'),
(32551, 63, '2013-05-07', '10:43:00'),
(32552, 30, '2013-05-07', '10:50:00'),
(32553, 46, '2013-05-07', '10:59:00'),
(32554, 27, '2013-05-07', '11:07:00'),
(32555, 53, '2013-05-07', '11:09:00'),
(32556, 35, '2013-05-07', '11:19:00'),
(32557, 31, '2013-05-07', '11:19:00'),
(32558, 52, '2013-05-07', '11:19:00'),
(32559, 21, '2013-05-07', '11:20:00'),
(32560, 36, '2013-05-07', '11:20:00'),
(32561, 14, '2013-05-07', '11:20:00'),
(32562, 16, '2013-05-07', '11:20:00'),
(32563, 83, '2013-05-07', '11:21:00'),
(32564, 10, '2013-05-07', '11:21:00'),
(32565, 44, '2013-05-07', '11:21:00'),
(32566, 55, '2013-05-07', '11:21:00'),
(32567, 66, '2013-05-07', '11:22:00'),
(32568, 79, '2013-05-07', '11:22:00'),
(32569, 43, '2013-05-07', '11:22:00'),
(32570, 54, '2013-05-07', '11:22:00'),
(32571, 82, '2013-05-07', '11:23:00'),
(32572, 47, '2013-05-07', '11:23:00'),
(32573, 19, '2013-05-07', '11:24:00'),
(32574, 38, '2013-05-07', '11:25:00'),
(32575, 40, '2013-05-07', '11:25:00'),
(32576, 49, '2013-05-07', '11:25:00'),
(32577, 49, '2013-05-07', '11:25:00'),
(32578, 45, '2013-05-07', '11:25:00'),
(32579, 68, '2013-05-07', '12:23:00'),
(32580, 68, '2013-05-07', '13:04:00'),
(32581, 53, '2013-05-07', '13:51:00'),
(32582, 84, '2013-05-07', '14:14:00'),
(32583, 53, '2013-05-07', '14:27:00'),
(32584, 53, '2013-05-07', '15:24:00'),
(32585, 53, '2013-05-07', '16:02:00'),
(32586, 67, '2013-05-07', '16:09:00'),
(32587, 63, '2013-05-07', '17:57:00'),
(32588, 30, '2013-05-07', '17:57:00'),
(32589, 27, '2013-05-07', '17:57:00'),
(32590, 46, '2013-05-07', '17:57:00'),
(32591, 53, '2013-05-07', '17:58:00'),
(32592, 24, '2013-05-07', '19:14:00'),
(32593, 24, '2013-05-07', '19:14:00'),
(32594, 76, '2013-05-07', '19:17:00'),
(32595, 61, '2013-05-07', '19:20:00'),
(32596, 5, '2013-05-07', '19:20:00'),
(32597, 25, '2013-05-07', '19:26:00'),
(32598, 34, '2013-05-07', '19:26:00'),
(32599, 59, '2013-05-07', '19:26:00'),
(32600, 41, '2013-05-07', '19:29:00'),
(32601, 6, '2013-05-07', '19:29:00'),
(32602, 12, '2013-05-07', '19:32:00'),
(32603, 77, '2013-05-07', '19:33:00'),
(32604, 32, '2013-05-07', '19:35:00'),
(32605, 81, '2013-05-07', '19:35:00'),
(32606, 71, '2013-05-07', '19:37:00'),
(32607, 70, '2013-05-07', '19:38:00'),
(32608, 29, '2013-05-07', '19:38:00'),
(32609, 37, '2013-05-07', '19:39:00'),
(32610, 3, '2013-05-07', '19:46:00'),
(32611, 191, '2013-05-07', '19:46:00'),
(32612, 190, '2013-05-07', '19:52:00'),
(32613, 88, '2013-05-07', '19:53:00'),
(32614, 73, '2013-05-07', '20:08:00'),
(32615, 192, '2013-05-07', '20:11:00'),
(32616, 89, '2013-05-07', '20:11:00'),
(32617, 86, '2013-05-07', '20:39:00'),
(32618, 86, '2013-05-07', '20:39:00'),
(32619, 87, '2013-05-07', '21:04:00'),
(32620, 90, '2013-05-07', '21:39:00'),
(32621, 91, '2013-05-07', '21:39:00'),
(32622, 2, '2013-05-08', '03:14:00'),
(32623, 14, '2013-05-08', '03:16:00'),
(32624, 21, '2013-05-08', '03:19:00'),
(32625, 38, '2013-05-08', '03:20:00'),
(32626, 35, '2013-05-08', '03:23:00'),
(32627, 79, '2013-05-08', '03:24:00'),
(32628, 49, '2013-05-08', '03:24:00'),
(32629, 40, '2013-05-08', '03:25:00'),
(32630, 82, '2013-05-08', '03:25:00'),
(32631, 16, '2013-05-08', '03:25:00'),
(32632, 50, '2013-05-08', '03:26:00'),
(32633, 9, '2013-05-08', '03:27:00'),
(32634, 85, '2013-05-08', '03:30:00'),
(32635, 18, '2013-05-08', '03:32:00'),
(32636, 31, '2013-05-08', '03:32:00'),
(32637, 45, '2013-05-08', '03:33:00'),
(32638, 36, '2013-05-08', '03:34:00'),
(32639, 83, '2013-05-08', '03:34:00'),
(32640, 59, '2013-05-08', '03:34:00'),
(32641, 34, '2013-05-08', '03:34:00'),
(32642, 86, '2013-05-08', '03:34:00'),
(32643, 86, '2013-05-08', '03:34:00'),
(32644, 87, '2013-05-08', '03:34:00'),
(32645, 19, '2013-05-08', '03:35:00'),
(32646, 190, '2013-05-08', '03:35:00'),
(32647, 73, '2013-05-08', '03:35:00'),
(32648, 47, '2013-05-08', '03:35:00'),
(32649, 76, '2013-05-08', '03:35:00'),
(32650, 32, '2013-05-08', '03:35:00'),
(32651, 29, '2013-05-08', '03:36:00'),
(32652, 192, '2013-05-08', '03:36:00'),
(32653, 77, '2013-05-08', '03:36:00'),
(32654, 89, '2013-05-08', '03:36:00'),
(32655, 25, '2013-05-08', '03:36:00'),
(32656, 191, '2013-05-08', '03:36:00'),
(32657, 81, '2013-05-08', '03:37:00'),
(32658, 37, '2013-05-08', '03:37:00'),
(32659, 3, '2013-05-08', '03:37:00'),
(32660, 5, '2013-05-08', '03:38:00'),
(32661, 70, '2013-05-08', '03:38:00'),
(32662, 88, '2013-05-08', '03:38:00'),
(32663, 43, '2013-05-08', '03:38:00'),
(32664, 54, '2013-05-08', '03:38:00'),
(32665, 66, '2013-05-08', '03:38:00'),
(32666, 44, '2013-05-08', '03:39:00'),
(32667, 71, '2013-05-08', '03:39:00'),
(32668, 41, '2013-05-08', '03:40:00'),
(32669, 12, '2013-05-08', '03:40:00'),
(32670, 6, '2013-05-08', '03:40:00'),
(32671, 52, '2013-05-08', '03:40:00'),
(32672, 24, '2013-05-08', '03:45:00'),
(32673, 10, '2013-05-08', '03:45:00'),
(32674, 24, '2013-05-08', '03:47:00'),
(32675, 84, '2013-05-08', '05:09:00'),
(32676, 68, '2013-05-08', '05:21:00'),
(32677, 68, '2013-05-08', '06:14:00'),
(32678, 91, '2013-05-08', '07:27:00'),
(32679, 90, '2013-05-08', '07:27:00'),
(32680, 61, '2013-05-08', '08:37:00'),
(32681, 27, '2013-05-08', '09:09:00'),
(32682, 67, '2013-05-08', '09:25:00'),
(32683, 85, '2013-05-08', '10:26:00'),
(32684, 30, '2013-05-08', '10:31:00'),
(32685, 53, '2013-05-08', '11:01:00'),
(32686, 46, '2013-05-08', '11:08:00'),
(32687, 63, '2013-05-08', '11:11:00'),
(32688, 35, '2013-05-08', '11:19:00'),
(32689, 52, '2013-05-08', '11:19:00'),
(32690, 21, '2013-05-08', '11:19:00'),
(32691, 9, '2013-05-08', '11:20:00'),
(32692, 79, '2013-05-08', '11:20:00'),
(32693, 45, '2013-05-08', '11:20:00'),
(32694, 14, '2013-05-08', '11:20:00'),
(32695, 16, '2013-05-08', '11:20:00'),
(32696, 31, '2013-05-08', '11:20:00'),
(32697, 54, '2013-05-08', '11:20:00'),
(32698, 43, '2013-05-08', '11:20:00'),
(32699, 40, '2013-05-08', '11:20:00'),
(32700, 44, '2013-05-08', '11:21:00'),
(32701, 49, '2013-05-08', '11:21:00'),
(32702, 47, '2013-05-08', '11:22:00'),
(32703, 38, '2013-05-08', '11:23:00'),
(32704, 66, '2013-05-08', '11:23:00'),
(32705, 10, '2013-05-08', '11:24:00'),
(32706, 83, '2013-05-08', '11:26:00'),
(32707, 36, '2013-05-08', '11:35:00'),
(32708, 19, '2013-05-08', '11:35:00'),
(32709, 50, '2013-05-08', '12:02:00'),
(32710, 68, '2013-05-08', '12:27:00'),
(32711, 84, '2013-05-08', '12:37:00'),
(32712, 68, '2013-05-08', '13:02:00'),
(32713, 27, '2013-05-08', '14:48:00'),
(32714, 53, '2013-05-08', '14:48:00'),
(32715, 2, '2013-05-08', '15:19:00'),
(32716, 67, '2013-05-08', '17:11:00'),
(32717, 30, '2013-05-08', '17:46:00'),
(32718, 27, '2013-05-08', '17:46:00'),
(32719, 46, '2013-05-08', '17:47:00'),
(32720, 63, '2013-05-08', '17:47:00'),
(32721, 53, '2013-05-08', '17:47:00'),
(32722, 5, '2013-05-08', '18:54:00'),
(32723, 12, '2013-05-08', '19:15:00'),
(32724, 24, '2013-05-08', '19:22:00'),
(32725, 191, '2013-05-08', '19:28:00'),
(32726, 41, '2013-05-08', '19:29:00'),
(32727, 61, '2013-05-08', '19:31:00'),
(32728, 34, '2013-05-08', '19:33:00'),
(32729, 29, '2013-05-08', '19:33:00'),
(32730, 59, '2013-05-08', '19:35:00'),
(32731, 76, '2013-05-08', '19:37:00'),
(32732, 89, '2013-05-08', '19:43:00'),
(32733, 3, '2013-05-08', '19:43:00'),
(32734, 32, '2013-05-08', '19:45:00'),
(32735, 37, '2013-05-08', '19:48:00'),
(32736, 88, '2013-05-08', '19:51:00'),
(32737, 73, '2013-05-08', '19:53:00'),
(32738, 71, '2013-05-08', '19:53:00'),
(32739, 70, '2013-05-08', '19:53:00'),
(32740, 81, '2013-05-08', '19:53:00'),
(32741, 190, '2013-05-08', '19:55:00'),
(32742, 77, '2013-05-08', '20:02:00'),
(32743, 86, '2013-05-08', '20:13:00'),
(32744, 86, '2013-05-08', '20:13:00'),
(32745, 25, '2013-05-08', '20:28:00'),
(32746, 87, '2013-05-08', '20:50:00'),
(32747, 90, '2013-05-08', '21:32:00'),
(32748, 91, '2013-05-08', '21:32:00'),
(32749, 84, '2013-05-09', '02:37:00'),
(32750, 38, '2013-05-09', '03:13:00'),
(32751, 2, '2013-05-09', '03:16:00'),
(32752, 14, '2013-05-09', '03:19:00'),
(32753, 49, '2013-05-09', '03:23:00'),
(32754, 35, '2013-05-09', '03:23:00'),
(32755, 82, '2013-05-09', '03:23:00'),
(32756, 16, '2013-05-09', '03:24:00'),
(32757, 85, '2013-05-09', '03:25:00'),
(32758, 21, '2013-05-09', '03:27:00'),
(32759, 45, '2013-05-09', '03:31:00'),
(32760, 52, '2013-05-09', '03:31:00'),
(32761, 50, '2013-05-09', '03:32:00'),
(32762, 40, '2013-05-09', '03:33:00'),
(32763, 34, '2013-05-09', '03:34:00'),
(32764, 59, '2013-05-09', '03:34:00'),
(32765, 29, '2013-05-09', '03:34:00'),
(32766, 73, '2013-05-09', '03:34:00'),
(32767, 191, '2013-05-09', '03:35:00'),
(32768, 32, '2013-05-09', '03:35:00'),
(32769, 77, '2013-05-09', '03:35:00'),
(32770, 71, '2013-05-09', '03:35:00'),
(32771, 190, '2013-05-09', '03:35:00'),
(32772, 25, '2013-05-09', '03:35:00'),
(32773, 89, '2013-05-09', '03:35:00'),
(32774, 3, '2013-05-09', '03:36:00'),
(32775, 76, '2013-05-09', '03:36:00'),
(32776, 86, '2013-05-09', '03:37:00'),
(32777, 86, '2013-05-09', '03:37:00'),
(32778, 37, '2013-05-09', '03:37:00'),
(32779, 36, '2013-05-09', '03:37:00'),
(32780, 83, '2013-05-09', '03:37:00'),
(32781, 70, '2013-05-09', '03:37:00'),
(32782, 5, '2013-05-09', '03:38:00'),
(32783, 81, '2013-05-09', '03:38:00'),
(32784, 43, '2013-05-09', '03:38:00'),
(32785, 54, '2013-05-09', '03:38:00'),
(32786, 19, '2013-05-09', '03:39:00'),
(32787, 81, '2013-05-09', '03:39:00'),
(32788, 5, '2013-05-09', '03:40:00'),
(32789, 12, '2013-05-09', '03:40:00'),
(32790, 12, '2013-05-09', '03:40:00'),
(32791, 44, '2013-05-09', '03:40:00'),
(32792, 47, '2013-05-09', '03:41:00'),
(32793, 87, '2013-05-09', '03:44:00'),
(32794, 88, '2013-05-09', '03:45:00'),
(32795, 24, '2013-05-09', '03:48:00'),
(32796, 41, '2013-05-09', '03:58:00'),
(32797, 61, '2013-05-09', '04:22:00'),
(32798, 68, '2013-05-09', '04:44:00'),
(32799, 68, '2013-05-09', '05:58:00'),
(32800, 66, '2013-05-09', '06:25:00'),
(32801, 9, '2013-05-09', '07:02:00'),
(32802, 91, '2013-05-09', '07:14:00'),
(32803, 90, '2013-05-09', '07:14:00'),
(32804, 67, '2013-05-09', '09:17:00'),
(32805, 27, '2013-05-09', '10:29:00'),
(32806, 85, '2013-05-09', '10:37:00'),
(32807, 30, '2013-05-09', '10:42:00'),
(32808, 53, '2013-05-09', '11:04:00'),
(32809, 35, '2013-05-09', '11:19:00'),
(32810, 14, '2013-05-09', '11:19:00'),
(32811, 45, '2013-05-09', '11:19:00'),
(32812, 52, '2013-05-09', '11:19:00'),
(32813, 44, '2013-05-09', '11:20:00'),
(32814, 9, '2013-05-09', '11:20:00'),
(32815, 40, '2013-05-09', '11:21:00'),
(32816, 82, '2013-05-09', '11:21:00'),
(32817, 47, '2013-05-09', '11:21:00'),
(32818, 43, '2013-05-09', '11:21:00'),
(32819, 66, '2013-05-09', '11:22:00'),
(32820, 16, '2013-05-09', '11:22:00'),
(32821, 83, '2013-05-09', '11:22:00'),
(32822, 54, '2013-05-09', '11:22:00'),
(32823, 21, '2013-05-09', '11:23:00'),
(32824, 19, '2013-05-09', '11:23:00'),
(32825, 49, '2013-05-09', '11:25:00'),
(32826, 38, '2013-05-09', '11:25:00'),
(32827, 50, '2013-05-09', '11:25:00'),
(32828, 36, '2013-05-09', '11:29:00'),
(32829, 63, '2013-05-09', '11:42:00'),
(32830, 46, '2013-05-09', '11:45:00'),
(32831, 68, '2013-05-09', '12:31:00'),
(32832, 68, '2013-05-09', '13:05:00'),
(32833, 84, '2013-05-09', '13:10:00'),
(32834, 2, '2013-05-09', '13:50:00'),
(32835, 67, '2013-05-09', '15:35:00'),
(32836, 27, '2013-05-09', '16:13:00'),
(32837, 53, '2013-05-09', '17:49:00'),
(32838, 30, '2013-05-09', '17:50:00'),
(32839, 63, '2013-05-09', '17:50:00'),
(32840, 46, '2013-05-09', '17:50:00'),
(32841, 61, '2013-05-09', '19:23:00'),
(32842, 5, '2013-05-09', '19:23:00'),
(32843, 59, '2013-05-09', '19:23:00'),
(32844, 191, '2013-05-09', '19:25:00'),
(32845, 12, '2013-05-09', '19:25:00'),
(32846, 77, '2013-05-09', '19:33:00'),
(32847, 25, '2013-05-09', '19:34:00'),
(32848, 34, '2013-05-09', '19:39:00'),
(32849, 41, '2013-05-09', '19:39:00'),
(32850, 20, '2013-05-09', '19:42:00'),
(32851, 71, '2013-05-09', '19:42:00'),
(32852, 37, '2013-05-09', '19:45:00'),
(32853, 24, '2013-05-09', '19:45:00'),
(32854, 192, '2013-05-09', '19:45:00'),
(32855, 89, '2013-05-09', '19:45:00'),
(32856, 3, '2013-05-09', '19:47:00'),
(32857, 32, '2013-05-09', '19:47:00'),
(32858, 190, '2013-05-09', '19:49:00'),
(32859, 73, '2013-05-09', '19:52:00'),
(32860, 76, '2013-05-09', '19:52:00'),
(32861, 81, '2013-05-09', '19:54:00'),
(32862, 88, '2013-05-09', '19:54:00'),
(32863, 29, '2013-05-09', '19:58:00'),
(32864, 86, '2013-05-09', '20:38:00'),
(32865, 86, '2013-05-09', '20:38:00'),
(32866, 87, '2013-05-09', '20:53:00'),
(32867, 91, '2013-05-09', '21:37:00'),
(32868, 90, '2013-05-09', '21:37:00'),
(32869, 87, '2013-05-09', '23:36:00'),
(32870, 84, '2013-05-10', '02:46:00'),
(32871, 14, '2013-05-10', '03:14:00'),
(32872, 38, '2013-05-10', '03:15:00'),
(32873, 52, '2013-05-10', '03:18:00'),
(32874, 21, '2013-05-10', '03:21:00'),
(32875, 82, '2013-05-10', '03:24:00'),
(32876, 16, '2013-05-10', '03:24:00'),
(32877, 9, '2013-05-10', '03:24:00'),
(32878, 85, '2013-05-10', '03:25:00'),
(32879, 2, '2013-05-10', '03:25:00'),
(32880, 50, '2013-05-10', '03:26:00'),
(32881, 40, '2013-05-10', '03:28:00'),
(32882, 49, '2013-05-10', '03:30:00'),
(32883, 79, '2013-05-10', '03:30:00'),
(32884, 35, '2013-05-10', '03:32:00'),
(32885, 29, '2013-05-10', '03:34:00'),
(32886, 59, '2013-05-10', '03:34:00'),
(32887, 73, '2013-05-10', '03:34:00'),
(32888, 34, '2013-05-10', '03:34:00'),
(32889, 32, '2013-05-10', '03:35:00'),
(32890, 191, '2013-05-10', '03:35:00'),
(32891, 71, '2013-05-10', '03:35:00'),
(32892, 37, '2013-05-10', '03:35:00'),
(32893, 89, '2013-05-10', '03:35:00');
INSERT INTO `time_tracker` (`TimeTrackerID`, `EmpID`, `TimeTrackerDate`, `TimeTrackerTime`) VALUES
(32894, 88, '2013-05-10', '03:35:00'),
(32895, 45, '2013-05-10', '03:35:00'),
(32896, 54, '2013-05-10', '03:35:00'),
(32897, 190, '2013-05-10', '03:36:00'),
(32898, 81, '2013-05-10', '03:36:00'),
(32899, 86, '2013-05-10', '03:36:00'),
(32900, 86, '2013-05-10', '03:36:00'),
(32901, 76, '2013-05-10', '03:36:00'),
(32902, 25, '2013-05-10', '03:37:00'),
(32903, 3, '2013-05-10', '03:38:00'),
(32904, 77, '2013-05-10', '03:38:00'),
(32905, 66, '2013-05-10', '03:38:00'),
(32906, 192, '2013-05-10', '03:38:00'),
(32907, 36, '2013-05-10', '03:38:00'),
(32908, 83, '2013-05-10', '03:38:00'),
(32909, 41, '2013-05-10', '03:38:00'),
(32910, 41, '2013-05-10', '03:38:00'),
(32911, 43, '2013-05-10', '03:39:00'),
(32912, 10, '2013-05-10', '03:39:00'),
(32913, 19, '2013-05-10', '03:40:00'),
(32914, 12, '2013-05-10', '03:41:00'),
(32915, 55, '2013-05-10', '03:41:00'),
(32916, 44, '2013-05-10', '03:41:00'),
(32917, 47, '2013-05-10', '03:41:00'),
(32918, 20, '2013-05-10', '03:44:00'),
(32919, 24, '2013-05-10', '03:46:00'),
(32920, 31, '2013-05-10', '04:55:00'),
(32921, 68, '2013-05-10', '05:13:00'),
(32922, 41, '2013-05-10', '05:58:00'),
(32923, 68, '2013-05-10', '06:16:00'),
(32924, 90, '2013-05-10', '07:08:00'),
(32925, 91, '2013-05-10', '07:08:00'),
(32926, 67, '2013-05-10', '10:10:00'),
(32927, 30, '2013-05-10', '10:25:00'),
(32928, 85, '2013-05-10', '10:35:00'),
(32929, 61, '2013-05-10', '10:35:00'),
(32930, 46, '2013-05-10', '10:59:00'),
(32931, 53, '2013-05-10', '11:04:00'),
(32932, 27, '2013-05-10', '11:10:00'),
(32933, 63, '2013-05-10', '11:14:00'),
(32934, 52, '2013-05-10', '11:18:00'),
(32935, 35, '2013-05-10', '11:19:00'),
(32936, 9, '2013-05-10', '11:19:00'),
(32937, 21, '2013-05-10', '11:19:00'),
(32938, 16, '2013-05-10', '11:19:00'),
(32939, 14, '2013-05-10', '11:19:00'),
(32940, 31, '2013-05-10', '11:20:00'),
(32941, 54, '2013-05-10', '11:20:00'),
(32942, 79, '2013-05-10', '11:20:00'),
(32943, 45, '2013-05-10', '11:20:00'),
(32944, 47, '2013-05-10', '11:20:00'),
(32945, 82, '2013-05-10', '11:21:00'),
(32946, 49, '2013-05-10', '11:21:00'),
(32947, 40, '2013-05-10', '11:21:00'),
(32948, 55, '2013-05-10', '11:21:00'),
(32949, 44, '2013-05-10', '11:21:00'),
(32950, 43, '2013-05-10', '11:22:00'),
(32951, 36, '2013-05-10', '11:22:00'),
(32952, 83, '2013-05-10', '11:22:00'),
(32953, 10, '2013-05-10', '11:23:00'),
(32954, 19, '2013-05-10', '11:23:00'),
(32955, 66, '2013-05-10', '11:23:00'),
(32956, 38, '2013-05-10', '11:26:00'),
(32957, 84, '2013-05-10', '12:14:00'),
(32958, 68, '2013-05-10', '12:31:00'),
(32959, 2, '2013-05-10', '12:48:00'),
(32960, 68, '2013-05-10', '13:04:00'),
(32961, 63, '2013-05-10', '16:34:00'),
(32962, 53, '2013-05-10', '16:34:00'),
(32963, 27, '2013-05-10', '16:34:00'),
(32964, 30, '2013-05-10', '16:34:00'),
(32965, 67, '2013-05-10', '17:08:00'),
(32966, 77, '2013-05-10', '18:49:00'),
(32967, 61, '2013-05-10', '19:03:00'),
(32968, 3, '2013-05-10', '19:10:00'),
(32969, 5, '2013-05-10', '19:17:00'),
(32970, 41, '2013-05-10', '19:24:00'),
(32971, 25, '2013-05-10', '19:24:00'),
(32972, 24, '2013-05-10', '19:27:00'),
(32973, 6, '2013-05-10', '19:30:00'),
(32974, 34, '2013-05-10', '19:30:00'),
(32975, 59, '2013-05-10', '19:32:00'),
(32976, 88, '2013-05-10', '19:32:00'),
(32977, 37, '2013-05-10', '19:34:00'),
(32978, 29, '2013-05-10', '19:34:00'),
(32979, 76, '2013-05-10', '19:36:00'),
(32980, 191, '2013-05-10', '19:44:00'),
(32981, 192, '2013-05-10', '19:46:00'),
(32982, 32, '2013-05-10', '19:46:00'),
(32983, 71, '2013-05-10', '19:46:00'),
(32984, 70, '2013-05-10', '19:46:00'),
(32985, 73, '2013-05-10', '19:47:00'),
(32986, 190, '2013-05-10', '19:49:00'),
(32987, 89, '2013-05-10', '19:52:00'),
(32988, 12, '2013-05-10', '19:53:00'),
(32989, 81, '2013-05-10', '19:59:00'),
(32990, 20, '2013-05-10', '20:00:00'),
(32991, 87, '2013-05-10', '20:43:00'),
(32992, 86, '2013-05-10', '20:50:00'),
(32993, 86, '2013-05-10', '20:50:00'),
(32994, 90, '2013-05-10', '21:48:00'),
(32995, 91, '2013-05-10', '21:48:00'),
(32996, 77, '2013-05-11', '02:06:00'),
(32997, 84, '2013-05-11', '02:47:00'),
(32998, 38, '2013-05-11', '03:09:00'),
(32999, 2, '2013-05-11', '03:10:00'),
(33000, 14, '2013-05-11', '03:20:00'),
(33001, 21, '2013-05-11', '03:23:00'),
(33002, 16, '2013-05-11', '03:24:00'),
(33003, 49, '2013-05-11', '03:25:00'),
(33004, 35, '2013-05-11', '03:27:00'),
(33005, 9, '2013-05-11', '03:27:00'),
(33006, 40, '2013-05-11', '03:29:00'),
(33007, 50, '2013-05-11', '03:30:00'),
(33008, 82, '2013-05-11', '03:30:00'),
(33009, 52, '2013-05-11', '03:32:00'),
(33010, 85, '2013-05-11', '03:32:00'),
(33011, 59, '2013-05-11', '03:33:00'),
(33012, 34, '2013-05-11', '03:33:00'),
(33013, 191, '2013-05-11', '03:33:00'),
(33014, 6, '2013-05-11', '03:34:00'),
(33015, 190, '2013-05-11', '03:34:00'),
(33016, 86, '2013-05-11', '03:34:00'),
(33017, 86, '2013-05-11', '03:34:00'),
(33018, 87, '2013-05-11', '03:34:00'),
(33019, 32, '2013-05-11', '03:35:00'),
(33020, 29, '2013-05-11', '03:35:00'),
(33021, 3, '2013-05-11', '03:35:00'),
(33022, 71, '2013-05-11', '03:35:00'),
(33023, 81, '2013-05-11', '03:35:00'),
(33024, 41, '2013-05-11', '03:35:00'),
(33025, 37, '2013-05-11', '03:35:00'),
(33026, 88, '2013-05-11', '03:35:00'),
(33027, 70, '2013-05-11', '03:36:00'),
(33028, 5, '2013-05-11', '03:36:00'),
(33029, 79, '2013-05-11', '03:37:00'),
(33030, 192, '2013-05-11', '03:37:00'),
(33031, 76, '2013-05-11', '03:37:00'),
(33032, 89, '2013-05-11', '03:37:00'),
(33033, 73, '2013-05-11', '03:37:00'),
(33034, 41, '2013-05-11', '03:37:00'),
(33035, 24, '2013-05-11', '03:37:00'),
(33036, 25, '2013-05-11', '03:39:00'),
(33037, 47, '2013-05-11', '03:40:00'),
(33038, 12, '2013-05-11', '03:40:00'),
(33039, 12, '2013-05-11', '03:40:00'),
(33040, 20, '2013-05-11', '03:41:00'),
(33041, 83, '2013-05-11', '03:41:00'),
(33042, 19, '2013-05-11', '03:42:00'),
(33043, 10, '2013-05-11', '03:42:00'),
(33044, 66, '2013-05-11', '03:42:00'),
(33045, 55, '2013-05-11', '03:43:00'),
(33046, 44, '2013-05-11', '03:43:00'),
(33047, 43, '2013-05-11', '03:44:00'),
(33048, 45, '2013-05-11', '03:46:00'),
(33049, 45, '2013-05-11', '03:46:00'),
(33050, 31, '2013-05-11', '03:58:00'),
(33051, 36, '2013-05-11', '04:51:00'),
(33052, 68, '2013-05-11', '05:20:00'),
(33053, 61, '2013-05-11', '05:41:00'),
(33054, 41, '2013-05-11', '05:57:00'),
(33055, 54, '2013-05-11', '06:00:00'),
(33056, 68, '2013-05-11', '06:05:00'),
(33057, 91, '2013-05-11', '08:51:00'),
(33058, 90, '2013-05-11', '08:51:00'),
(33059, 90, '2013-05-11', '08:51:00'),
(33060, 85, '2013-05-11', '10:12:00'),
(33061, 2, '2013-05-11', '10:15:00'),
(33062, 49, '2013-05-11', '10:32:00'),
(33063, 67, '2013-05-11', '10:38:00'),
(33064, 45, '2013-05-11', '11:18:00'),
(33065, 44, '2013-05-11', '11:19:00'),
(33066, 36, '2013-05-11', '11:19:00'),
(33067, 9, '2013-05-11', '11:19:00'),
(33068, 35, '2013-05-11', '11:20:00'),
(33069, 35, '2013-05-11', '11:20:00'),
(33070, 14, '2013-05-11', '11:21:00'),
(33071, 83, '2013-05-11', '11:21:00'),
(33072, 31, '2013-05-11', '11:21:00'),
(33073, 82, '2013-05-11', '11:21:00'),
(33074, 16, '2013-05-11', '11:21:00'),
(33075, 19, '2013-05-11', '11:21:00'),
(33076, 43, '2013-05-11', '11:21:00'),
(33077, 40, '2013-05-11', '11:22:00'),
(33078, 21, '2013-05-11', '11:22:00'),
(33079, 38, '2013-05-11', '11:22:00'),
(33080, 54, '2013-05-11', '11:22:00'),
(33081, 50, '2013-05-11', '11:22:00'),
(33082, 79, '2013-05-11', '11:22:00'),
(33083, 55, '2013-05-11', '11:22:00'),
(33084, 10, '2013-05-11', '11:23:00'),
(33085, 47, '2013-05-11', '11:23:00'),
(33086, 66, '2013-05-11', '11:23:00'),
(33087, 68, '2013-05-11', '12:19:00'),
(33088, 68, '2013-05-11', '13:01:00'),
(33089, 84, '2013-05-11', '13:04:00'),
(33090, 21, '2013-05-11', '19:23:00'),
(33091, 38, '2013-05-11', '19:23:00'),
(33092, 38, '2013-05-11', '19:23:00'),
(33093, 43, '2013-05-11', '19:23:00'),
(33094, 66, '2013-05-11', '19:24:00'),
(33095, 36, '2013-05-11', '19:27:00'),
(33096, 36, '2013-05-11', '19:28:00'),
(33097, 82, '2013-05-11', '19:29:00'),
(33098, 47, '2013-05-11', '19:32:00'),
(33099, 14, '2013-05-11', '19:33:00'),
(33100, 52, '2013-05-11', '19:35:00'),
(33101, 55, '2013-05-11', '19:38:00'),
(33102, 45, '2013-05-11', '19:40:00'),
(33103, 16, '2013-05-11', '19:41:00'),
(33104, 35, '2013-05-11', '19:41:00'),
(33105, 40, '2013-05-11', '19:49:00'),
(33106, 79, '2013-05-11', '19:57:00'),
(33107, 83, '2013-05-11', '20:00:00'),
(33108, 19, '2013-05-11', '20:00:00'),
(33109, 87, '2013-05-11', '20:54:00'),
(33110, 86, '2013-05-11', '20:54:00'),
(33111, 86, '2013-05-11', '20:54:00'),
(33112, 10, '2013-05-11', '21:37:00'),
(33113, 44, '2013-05-11', '22:05:00'),
(33114, 45, '2013-05-12', '01:00:00'),
(33115, 35, '2013-05-12', '01:00:00'),
(33116, 52, '2013-05-12', '01:00:00'),
(33117, 36, '2013-05-12', '01:01:00'),
(33118, 14, '2013-05-12', '01:02:00'),
(33119, 55, '2013-05-12', '01:02:00'),
(33120, 44, '2013-05-12', '01:02:00'),
(33121, 43, '2013-05-12', '01:02:00'),
(33122, 40, '2013-05-12', '01:02:00'),
(33123, 83, '2013-05-12', '01:03:00'),
(33124, 10, '2013-05-12', '01:03:00'),
(33125, 16, '2013-05-12', '01:03:00'),
(33126, 47, '2013-05-12', '01:03:00'),
(33127, 82, '2013-05-12', '01:03:00'),
(33128, 38, '2013-05-12', '01:03:00'),
(33129, 19, '2013-05-12', '01:04:00'),
(33130, 19, '2013-05-12', '01:05:00'),
(33131, 79, '2013-05-12', '01:05:00'),
(33132, 66, '2013-05-12', '01:06:00'),
(33133, 21, '2013-05-12', '01:07:00'),
(33134, 86, '2013-05-12', '04:51:00'),
(33135, 86, '2013-05-12', '04:51:00'),
(33136, 87, '2013-05-12', '04:51:00');

/*!40101 SET CHARACTER_SET_CLIENT=@OLD_CHARACTER_SET_CLIENT */;
/*!40101 SET CHARACTER_SET_RESULTS=@OLD_CHARACTER_SET_RESULTS */;
/*!40101 SET COLLATION_CONNECTION=@OLD_COLLATION_CONNECTION */;
